序号,成果名称,完成人,完成单位,第一完成人身份,第一完成单位层次,第一完成单位学科类型,第一完成单位地理位置,获奖年份
1,“知识、能力、素质、人格”并重的KAQ2.0新时代一流本科教育体系,吴朝晖、张光新、胡吉明、李恒威、罗建红、陆国栋、刘向东、邬小撑、郭文刚、邱利民、金娟琴、刘鹏、顾颖杰、杨旸、王英芳,浙江大学,,985,综合类,杭州,2021
2,“力学3.0”导向的工程科学前沿拔尖创新人才培养体系构建与实践,杨卫、赵沛、李振华、王永、曲绍兴、王惠明、王宏涛、金肖玲、吴昌聚、庄表中,浙江大学,,985,综合类,杭州,2021
3,“以我为主、一对多、高水平”打造国际合作教育样板区,何莲珍、欧阳宏伟、李尔平、傅强、诸葛洋、王玉芬、周金其、屈利娟、瞿海东、Susan Welburn、Philip Krein,浙江大学,,985,综合类,杭州,2021
4,新医科视阈下的“医学+”交叉融合卓越人才培养新模式探索与实践,周天华、徐凌霄、马振秋、韩魏、徐骁、李晓明、许正平、柯越海、方向明、林卓清、应婧倞、沈思思、丁萌琪、赵丽娜、张莎、邢沁青、许士琪、冯吉妤,浙江大学,,985,综合类,杭州,2021
5,评估牵引、声誉导向、多方联动的竞赛治理优化及其成效,陆国栋、赵春鱼、何钦铭、陈临强、吴英策、颜晖、张炜、张克俊、顾大强、魏志渊、王进、张聪、赵燕、阚阅、孙永乐,浙江大学、中国高等教育学会、中国计量大学、杭州电子科技大学、浙大城市学院、杭州简学科技有限公司,,985,综合类,杭州,2021
6,以科研驱动式教学为核心的经济学人才研究创新能力提升范式的探索与实践,方红生、黄先海、潘士远、陆菁、朱柏铭、黄勇,浙江大学,,985,综合类,杭州,2021
7,新时代背景下的全面助教制度改革与实践：从理科公共基础课程试点开始,胡吉明、方文军、王彦广、赵华绒、盛为民、赵道木、王晓莹、杨旸、吕萍、彭笑刚、刘占祥、吴百乐、张嘉捷、谭桂娥,浙江大学,,985,综合类,杭州,2021
8,以生为本、整合创新、科教互促—食品保藏课程群教学改革与实践,罗自生、茅林春、叶兴乾、张良、刘鹏、李莉、陈士国、应铁进、吴丹、李阳,浙江大学,,985,综合类,杭州,2021
9,厚植家国情怀的机械工程全员、全过程、 全方位育人体系探索与实践,杨华勇、梅德庆、项淑芳、刘振宇、王晓莹、闫小龙、王芳官、宋晓云、叶建芳、张瑜彬、金娟霞,浙江大学,,985,综合类,杭州,2021
10,基于Wet Lab平台、以临床能力为导向的眼科专业学位研究生教学改革与实践,姚克、申屠形超、杨亚波、方肖云、叶娟、徐雯、汤霞靖、张丽、朱亚楠、鱼音慧,浙江大学,,985,综合类,杭州,2021
11,卓越博士研究生学位质量保障与监督体系的构建与实践,叶恭银、蒋笑莉、衣龙涛、郑龑、陈良、汪海飞、王树正、张君、韩淑云、凌正鸯、朱丹薇、王岐琦、梁君英、王家平,浙江大学,,985,综合类,杭州,2021
12,直面产业复合交叉工程类专业学位硕士研究生培养模式系统性改革方案,韦巍、严建华、吴健、陈丰秋、江全元、章献民、周文文、赵阳、赵张耀、陈智峰、刘翔、俞小莉、喻嘉乐、陈金飞、张聪、任洪波、林志红,浙江大学,,985,综合类,杭州,2021
13,以人民为中心——高等艺术教育“同轴双向”的育人体系建构与实践,许江、高世名、封治国、何红舟、邬大勇、杨奇瑞、班陵生、黄骏、盛天晔、张春艳,中国美术学院,,其他类,艺术类,杭州,2021
14,课程思政、专业思政、教师思政一体化建设的探索与实践,虞晓芬、蓝汉林、江颉、陈冲、方学礼、袁旦、孙建强、邢乐勤、许伟通、杨克勤,浙江工业大学,,其他类,理工类,杭州,2021
15,地方工科院校以能力为导向的大学物理教学新范式,施建青、徐志君、林强、魏高尧、李珍、童建平、王俊杰,浙江工业大学,,其他类,理工类,杭州,2021
16,三维耦合?三链融合 培养生物产业工程科技创新人才,郑裕国、郑仁朝、吴石金、王亚军、钟卫鸿、汤晓玲、章银军、余志良、王远山、应向贤,浙江工业大学,,其他类,理工类,杭州,2021
17,思创融汇  专创融合 师创融通——师范院校创新创业教育体系的探索与实践,郑孟状、王淑娉、温建明、魏梦璐、郑文哲、叶志雄、马莉、陈海峰、陈乃启、朱哲成,浙江师范大学,,其他类,师范类,金华,2021
18,基于RICH理念的中学英语卓越教师培养模式15年探索与实践,胡美馨、骆传伟、俞明祥、竺金飞、胡伟杰、俞燕明、孔菊芳、张亚萍、郑志恋、罗晓杰,浙江师范大学,,其他类,师范类,金华,2021
19,“三化?三教”培养面向纺织新经济的“三创”人才,陈文兴、周赳、陈建勇、盛清、傅雅琴、祝成炎、邹奉元、陈敏之、于斌、胡毅,浙江理工大学,,其他类,理工类,杭州,2021
20,面向工程创新能力培养，构建电子类专业实践育人新体系,陈龙、程知群、李文钧、高明煜、黄继业、王光义、马学条、郑鹏,杭州电子科技大学,,其他类,理工类,杭州,2021
21,经济统计人才一体多元“CAMP”能力培养模式的探索与实践,苏为华、陈钰芬、陈骥、张崇辉、陈宜治、徐蔼婷、浦国华、曾慧、向书坚、朱贺,浙江工商大学,,其他类,财经类,杭州,2021
22,长效协同，多元融合，培养适宜行业发展需求的高层次创新人才的探索与实践,俞晓平、李海芬、张勇、李战国、孙坚、冯爱明、李运堂、梁晓瑜、王义康、陈春,中国计量大学,,其他类,理工类,杭州,2021
23,以“创新药物研发链”为主线的生物制药人才培养模式的构建与实践,林丽、卫涛、蔡琳、田海山、王晓杰、黄志锋、王文秀、惠琦、叶发青、李校堃,温州医科大学,,其他类,医药类,温州,2021
24,专创融合 分层递进：以岗位创业为导向的创新创业育人体系20年探索与实践,黄兆信、黄扬杰、罗志敏、李雨蕙、翁灵丽、温怀德、章瑞智、丁放、钱波,杭州师范大学、温州医科大学、华南师范大学,,其他类,师范类,杭州,2021
25,红船精神育人体系的构建与实践,卢新波、黄文秀、吕延勤、陈立力、彭冰冰、富华、李蕾、洪坚、徐永良、张琦,嘉兴学院,,其他类,综合类,嘉兴,2021
26,大学生结构设计竞赛20年与创新人才培养,金伟良、罗尧治、陆国栋、吕朝锋、丁元新、毛一平、姜秀英、魏志渊、邹道勤、余世策,浙江大学、全国大学生结构设计竞赛委员会秘书处,,985,综合类,杭州,2021
27,荣誉学院拔尖创新人才跨学科交叉培养模式的探索与实践,葛坚、张帆、章志英、侯迪波、刘振宇、盛为民、陈为、方红生、马忠华、俞自涛、陈俊、唐晓武、金一平、王越,浙江大学,,985,综合类,杭州,2021
28,跨界整合、产教研深度融合的机械工程学生创新实践能力培养体系探索与实践,刘振宇、顾大强、杨将新、傅建中、汪延成、朱新杰、裘辿、段桂芳、王庆九、高宇,浙江大学,,985,综合类,杭州,2021
29,药学拔尖人才培养体系的十年探索与实践,范骁辉、杨波、朱卡林、高建青、吴昊姝、王芳、何俏军、张翔南、沈丽娟、徐潇,浙江大学,,985,综合类,杭州,2021
30,“中国近现代史纲要”课程推进“五个一工程” 建设的创造性探索与实践,段治文 赵晖、尤云弟、张立程、董海樱、刘召峰、程早霞、庞毅,浙江大学,,985,综合类,杭州,2021
31,数学拔尖创新人才“二制三化”培养模式的近三十年探索与实践,包刚、盛为民、苏德矿、卢兴江、黄正达、张挺、熊晶蕾、邵頔,浙江大学,,985,综合类,杭州,2021
32,学科协同 五位一体 卓越导学—农业工程专业学生实践创新体系创建与实践,泮进明、叶尊忠、徐惠荣、岑海燕、韦真博、蒋焕煜、王俊、冯雷、应义斌、何勇、朱松明、郭亚芳、华向理,浙江大学,,985,综合类,杭州,2021
33,大学（非生物专业）生物学实践类通识课程的教学改革与探索,吴敏、曹阳、郭卫华、黄爱军、杨志坚、徐程、霍颖异、孙益、杨帆、史影、张霞,浙江大学、上海交通大学、山东大学,,985,综合类,杭州,2021
34,支持跨域全过程超大规模线上线下实质等效的教学创新体系构建,陈文智、董榕、张紫徽、胡吉明、江全元、李艳、姚青、沈丽燕、杨玉辉、张宇燕、黄健、李萌、袁书宏、云霞、留岚兰、杨旸、刘多、翟雪松,浙江大学,,985,综合类,杭州,2021
35,创设软硬件可重构“个人实验室”，促进电子信息类系统创新人才培养,史治国、杨建义、李建龙、楼东武、陈积明、卓成、吴叶飞、杨冬晓、冯志强 宫先仪,浙江大学、依元素电子科技（南京）有限公司,,985,综合类,杭州,2021
36,以强身塑心为靶向的普通高校“三全体育” 教育教学课程体系构建与实践,吴叶海 张光新、傅旭波、余保玲、潘雯雯、金娟琴、董育平、陈志强、潘德运、金鸥贤,浙江大学,,985,综合类,杭州,2021
37,固本强基  达才成德 – “三全育人”助力新生转型的探索与实践,邱利民、郭文刚、谭芸、陈立明、徐晓峰、翁亮、黄任群、郑玲玲、郑尧丽、董业凯、陈翠苹、王海贵、孙大雁、刘玉娥、刘帅、蔡明远、潘临灵、钟翼,浙江大学,,985,综合类,杭州,2021
38,“四课融通、四化同步”新农科实践实训教学体系的建构与实践,陈学新、马忠华、喻景权、张国平、赵建明、吴佳雨、金敏、祝水金、孙崇德、张颖、邱慧、叶庆富、马永芳、肖建富、蒋梦汝、王涛、许霁玉、陈云文,浙江大学,,985,综合类,杭州,2021
39,复合创新型海洋拔尖人才培养模式探索——海洋学院“1+5+N,王立忠、王晓萍、陈鹰、王瑞飞、马忠俊、黄豪彩、陈庆、冀大雄、张朝晖、吴锋、潘先平、陈家旺、胡小倩、张涛、郝帅、高楚清,浙江大学,,985,综合类,杭州,2021
40,全国高校光电专业优质教育资源共享模式的创建及十年实践,刘向东、刘旭、郁道银、付跃刚、毕卫红、时尧成、林远芳、郑臻荣、郑晓东、吉玲,浙江大学,,985,综合类,杭州,2021
41,新3H卓越医学人才临床培养体系的构建与实践,王建安、吴志英、谢小洁、范让、张琳、方驰、郑芬芳,浙江大学,,985,综合类,杭州,2021
42,多轨协同、多专融通的国际组织人才培养模式,李媛、邬小撑、董世洪、徐雪英、李佳、郑瑞、朱晓宇、胡洁、高晓洁、陈立影,浙江大学,,985,综合类,杭州,2021
43,以创新能力为导向的科技设计人才培养模式与生态建设,孙凌云、张克俊、柴春雷、陈实、孙守迁、陈为、应放天、罗仕鉴,浙江大学,,985,综合类,杭州,2021
44,基于“一本四化”的中华优秀传统文化涵育体系构建与实践,楼含松、冯国栋、楼艳、段园园、陶安娜、陈文丽、沈玉、胡可先、陶然、叶添阁、孙福轩,浙江大学,,985,综合类,杭州,2021
45,扎根铸魂实践育人共同体的二十年探索与构建,薄拯、刘艳辉、沈黎勇、卓亨逵、梁艳、吴维东、夏雷、叶盛珺、王巍贺、任立娣、卢思颖、任帅,浙江大学,,985,综合类,杭州,2021
46,注重传承开拓、引领前沿交叉--控制学科博士生学术创新能力培养方法与实践,陈积明、孙优贤、张光新、宋执环、程鹏、徐贞、贺诗波、邓瑞龙、杨秦敏、赵春晖、侯迪波,浙江大学,,985,综合类,杭州,2021
47,基于产教融合新模式的引领式软件工程技术人才培养体系构建,卜佳俊、陈丽、黄启春、杨小虎、陈纯、蔡亮、柳栋桢、方红光、苏腾、余建挺,浙江大学,,985,综合类,杭州,2021
48,基于质量全面提升的研究生学制改革,周文文、叶恭银、林成华、王征、王凯、倪加旎、张雨迪、李华静、王美青、胡承亮、许湘琴、吴可、吕雅兰,浙江大学,,985,综合类,杭州,2021
49,基于“双循环”驱动的农业资源与环境学科研究生培养模式创新与实践,徐建明、何艳、马斌、林咸永、史舟、陈丁江、刘杏梅、王珂、包永平,浙江大学,,985,综合类,杭州,2021
50,基于政策企业家精神塑造的MPA教育模式创新,郁建兴、谭荣、高翔、钱文荣、徐林、王诗宗、谭永忠、冯军,浙江大学,,985,综合类,杭州,2021
51,联合培养塑栋梁、产教融合育英才-化工领域工程创新人才联合培养体系探索与构建,王靖岱、黄正梁、任聪静、孙婧元、杨遥、廖祖维、庄毅、蒋斌波、历伟、王盎然、王丽军、陈志荣、阳永荣、李伯耿、范小强、陈毓明、吕德伟,浙江大学、中国石油化工股份有限公司,,985,综合类,杭州,2021
52,基于“平台+项目”全球嵌入型研究生培养体系：管理学院十五年探索,魏江、汪蕾、周伟华、谢小云、吴晓波、莫申江、瞿文光、朱纪平、邬爱其、杨翼、黄晓雯、高晨,浙江大学,,985,综合类,杭州,2021
53,面向国家重大战略需求的航空制造领域卓越工程人才培养模式创新与实践,柯映林、董辉跃、毕运波、曲巍崴、王国雄、王青、朱伟东、俞慈君、李江雄、宋小文、徐强、程亮、郭英杰、汪海晋、刘玉勇,浙江大学,,985,综合类,杭州,2021
54,以乡土为学院——扎根中国大地的艺术实践教学,高世名、曹晓阳、陈正达、邵健、姜珺、李梅、刘智海、佟飚、刘益红、王宁逸,中国美术学院,,其他类,艺术类,杭州,2021
55,“中国美术学”高层次创新人才培养体系建设与实践,许江、余旭红、张捷、何红舟、封治国、班陵生、管怀宾、刘海勇、闵罕、韩亮,中国美术学院,,其他类,艺术类,杭州,2021
56,“扎根—融通—铸魂”的创新创业教育体系探索与实践,李小年、王卫红、计伟荣、汤智、王建胜、陶鹏、许伟通、戴光麟,浙江工业大学,,其他类,理工类,杭州,2021
57,多层递进、多元协同、数字赋能——地方高校工程实践教育体系的探索与实践,计伟荣、顾容、张建勇、方学礼、江颉、金伟娅、袁旦、贾侃、陈小玲、章群山,浙江工业大学、浙江校友邦科技有限公司,,其他类,理工类,杭州,2021
58,地方高校社科类研究生“顶天立地”学术志趣的培育机制创新与实践探索,吴宝、池仁勇、吴向明、郭元源、贾侃、周亚越、李正卫、陈衍泰、张玉倩、王旭,浙江工业大学,,其他类,理工类,杭州,2021
59,面向区域先进制造产业集群的机械类硕士协同创新培养探索与实践—十五年总结,姚建华、朴钟宇、李研彪、潘柏松、彭旭东、章嫦华、林洁、金伟娅、谭大鹏、陈勇,浙江工业大学,,其他类,理工类,杭州,2021
60,“三链融合、开放共享”的跨境电商人才培养体系构建与创新实践,李文博、邹益民、许德武、包中文、郑文哲、黄海斌、张俊岭,浙江师范大学,,其他类,师范类,金华,2021
61,标准化、协同化、智能化：高质量师范生培养的“浙江经验”,周跃良、庄华洁、林一钢、张家华、舒志定、蒋永贵、陈伟鸿、黄晓、唐恒钧、徐展斌,浙江师范大学、杭州师范大学、湖州师范学院、绍兴文理学院、浙江省卓越教师培养协同创新中心,,其他类,师范类,金华,2021
62,一流非洲区域国别人才培养的“三四五”体系构建与实践,刘鸿武、王珩、孙炳海、徐薇、郭建玲、郑文哲、吴卡、万秀兰、孙春颖、徐微洁,浙江师范大学,,其他类,师范类,金华,2021
63,聚焦信仰共同体建设的 “四位一体”本科生思政课教学改革,李小兰、刘友女、孟献丽、李包庚、曲蓉、刘举、袁玲儿、王玉鹏、郑善庆、邓小冬,宁波大学,,其他类,综合类,宁波,2021
64,地方综合性大学“一核四轴”美育教学体系的构建与实践,俞子正、王蕾、徐进、王自东、张晶晶、沈法、刘子彧、沈浩杰、廖松清、刘畅,宁波大学,,其他类,综合类,宁波,2021
65,本土国际、工贸兼修、个性定制——机械专业分类化人才培养体系的建设与实践,方志梅、李国平、邓益民、叶飞帆、黄海波、于爱兵、马剑强、王英,宁波大学,,其他类,综合类,宁波,2021
66,“企业出题、高校解题、政府助题”专业学位研究生培养新昌模式探索与实践,胡旭东、向忠、武传宇、钱淼、应志平、彭来湖、吴震宇、程晓颖、袁嫣红、汝欣,浙江理工大学,,其他类,理工类,杭州,2021
67,地方特色高校“中国心、全球范”数字人才在地国际化培养模式的研究与实践,郑宁、徐红、伍超、苏强、吴薇、林国浒、洪宇翔、胡保亮,杭州电子科技大学,,其他类,理工类,杭州,2021
68,专业复合、实践创新、产教融合——面向数字经济的人才培养模式改革与实践,徐江荣、戴绍港、吴颖、陈志平、范影乐、冯建文、贾勇、胡保亮、田穗、陈懿,杭州电子科技大学,,其他类,理工类,杭州,2021
69,适应学科发展和产业需求的计算机类创新型人才培养体系的探索与实践,林菲、龚晓君、马虹、章复嘉、夏涛、樊谨、包健、韩建平、刘春英、张纪林,杭州电子科技大学,,其他类,理工类,杭州,2021
70,“三位一体、智财融合、多元协同”——新时代管理型财会人才培养模式创新,胡国柳、谢诗蕾、罗金明、许永斌、曾爱民、吴少波、马文超、王帆、姚瑶、万鹏,浙江工商大学,,其他类,财经类,杭州,2021
71,基于多元融合的新时代知识产权人才培养模式的探索与实践,陈永强、朱一飞、冀瑜、陶丽琴、吕璐、刘文献、刘斌、范晓宇、刘义、温慧辉,中国计量大学,,其他类,理工类,杭州,2021
72,“三牵引、三协同、三推进”机电类本科创新人才培养模式探索与实践,孙坚、李运堂、吴霞、许素安、李孝禄、陈锡爱、富雅琼、高坚、李青、杨玉书,中国计量大学,,其他类,理工类,杭州,2021
73,行业院校通用工科专业特色建设与实践,孙卫红、梁喜凤、赵春鱼、宁顺兰、沈常宇、孙坚、金宁、刘辉、唐高、葛洪良,中国计量大学,,其他类,理工类,杭州,2021
74,专业催生行业，创业促成职业--开创中国听力学教育先河的二十年探索与实践,应航、肖永涛、李志敏、徐飞、苏俊、田成华、张国军、赵乌兰、张婷、王一鸣,浙江中医药大学、杭州惠耳听力技术设备有限公司,,其他类,医药类,杭州,2021
75,基于“和合”思想的中药学专业人才培养模式的创新与实践,陈忠、阮叶萍、李范珠、黄真、陈建真、熊阳、廖广辉,浙江中医药大学,,其他类,医药类,杭州,2021
76,蓝色领航?国防铸魂?协同育人：海大国防教育体系的构建与实践,严小军、卢海英、黄永良、吴中平、傅纪良、杨宁、王湖滨、王瑞、魏汝领、张同宽,浙江海洋大学,,其他类,农林类,舟山,2021
77,“需求引领、一流导向”的海洋工程类人才培养体系的建设与实践,谢永和、余杨、龚希武、余建星、张吉萍、段庆昊、白兴兰、王瑞、王健鑫、王立军,浙江海洋大学、天津大学,,其他类,农林类,舟山,2021
78,立足行业 跨界融合 地方高校食品科学与工程专业实践教学体系的改革与实践,邓尚贵、韩志、王斌、陈小娥、霍健聪、宋茹、张宾、应晓国、袁鹏翔、高元沛,浙江海洋大学,,其他类,农林类,舟山,2021
79,地方高校“鱼-船-港”海洋人才培养体系创新实践,陈建孟、殷文伟、竺柏康、朱淑华、李凡、王利明、程继红、金武州、郭志平、陈东之,浙江海洋大学,,其他类,农林类,舟山,2021
80,“两山”理念引领下的新农科人才培养改革与实践,沈月琴、郭建忠、蔡细平、代向阳、吴鹏、梅亚明、王正加、尹国俊、刘庆坡、董杜斌,浙江农林大学,,其他类,农林类,杭州,2021
81,基于科技特派员的农林类专业学位硕士研究生人才培养体系改革与实践,沈希、童再康、赵光武、魏玲玲、罗黎敏、黄坚钦、斯金平、唐慧丽、田海涛、郑荣泉,浙江农林大学、浙江师范大学,,其他类,农林类,杭州,2021
82,健康中国背景下医学人文素质教育体系的构建与实践,吕一军、朱雪波、林文诗、阮积晨、刘燕楠、陈永霖、陈先建、郑节霞、陈勰,温州医科大学,,其他类,医药类,温州,2021
83,中国特色基层全科医学人才培养体系的二十年探索与实践,吕帆、曹建明、朱雪波、李章平、林瑾、黄陈平、王世泽、苏强,温州医科大学、海南医学院、南京医科大学、赣南医学院,,其他类,医药类,温州,2021
84,以“懂医精药”为导向的“三融合”药学研究生创新培养模式构建与实践,李校堃、林丽、黄志锋、蔡跃飘、肖健、张翼、周鑫、赵应征、田海山、张秀华,温州医科大学,,其他类,医药类,温州,2021
85,“一核二创三层四维”新型数据科学类人才培养模式创新与实践,李金昌、洪兴建、周银香、李时兴、段雪辉、刘波、郑彦、何露霞、李杰、陈玉娟,浙江财经大学,,其他类,财经类,杭州,2021
86,从复合到融合：新时代财经高校人才培养模式的创新与实践,钟晓敏、李永友、李政辉、林亚芳、沃健、邱风、曹桢,浙江财经大学,,其他类,财经类,杭州,2021
87,基于中德深度合作的“三化”应用型工程人才培养模式的探索与实践,徐理勤、Frank Kemper、范佳静、文献民、杨志卫、张云莲、戴芹、单建奋、王兆义、陈军统,浙江科技学院,,其他类,理工类,杭州,2021
88,影视传媒类专业多场景融合教学体系的构建与创新,姚争、胡一梁、陈永斌、陈佩芬、冯建超、李琳、余军,浙江传媒学院、成都华栖云科技有限公司,,其他类,文法类,杭州,2021
89,“课证贯通、专创融合、数智增强”管理型会计人才培养模式探索与实践,孟祥霞、 唐丰收、徐玲、李成艾、赵彩虹、高巧依 、冯雪琰、吴瑞勤、程洋、李刚,浙江万里学院,,其他类,综合类,宁波,2021
90,依托产业学院“四元协同、双向融通、交叉复合”的产教融合模式探索与实践,马建荣、李凤、林怡、杨亚萍、傅立新、朱仲杰、陈志强、盛钢、张琰慧、李晓鸣,浙江万里学院,,其他类,综合类,宁波,2021
91,全科教学、研训一体、多维协同定向乡村小学教师培养的20年探索与实践,孙德芳、王利琳、方亮、曾文婧、肖正德、郑生勇、叶哲铭、潘巧明,杭州师范大学、丽水学院,,其他类,师范类,杭州,2021
92,“博爱雅艺”涵养师范气质：地方综合性大学卓越教师培养体系创新与实践,何毅、孙芙蓉、林琛琛、彭小媚、郑信军、杨刚、叶新东、章园园、蒋金崇、陈楠,温州大学、温州理工学院,,其他类,综合类,温州,2021
93,基于“产业群-院所群-专业群”共同体的地方高校应用型人才培养探索与实践,赵敏、赵燕、夏春雨、姜锐、顾任飞、罗建利,温州大学,,其他类,综合类,温州,2021
94,基于地方产业升级的“人工智能+”机械类新工科人才培养探索与实践,薛伟、陈亚绒、黄沈权、周宏明、付培红、张祥雷、綦法群、刘洋,温州大学,,其他类,综合类,温州,2021
95,交叉强基?科教强新?产教强能—制笔行业复合型人才培养模式的创新与实践,王舜、王兆伦、陈锡安、夏远志、李鹏、熊琳、潘明初、周敬业、周永强,温州大学、温州理工学院,,其他类,综合类,温州,2021
96,地方高校化工类新技术应用型人才“一构三创”培养模式的改革与实践,郑启富、赵俊华、苏国栋、雷宏、陈晓彬、任浩明、吕亮、胡静,衢州学院,,其他类,综合类,衢州,2021
97,以开放教育生态为抓手的地方师范院校新工科人才培养的改革与实践,蒋云良、李祖欣、胡文军、黄旭、唐培松,湖州师范学院,,其他类,师范类,湖州,2021
98,地方高校“多元协同、艺技融合”的 应用型青瓷人才培养模式改革与实践,季忠苑、杨吴伟、周莉、季雨林、李德胜、吴艳芳、竺娜亚、蓝岚、全敏瑛、王卉,丽水学院,,其他类,综合类,丽水,2021
99,基于“产教科创”融合的港口物流应用型人才培养研究与实践,王任祥、邵万清、傅海威、杜运潮、朱占峰、赵亚鹏、秦华容、贾春梅、郭春荣、蔡荣江,宁波工程学院,,其他类,理工类,宁波,2021
100,面向社会数字化转型的“1+2+3”新公安人才培养模式的探索与实践,金诚、余湘青、俞秋明、薛姣、代东旭、叶涛、徐永胜,浙江警察学院、杭州市公安局萧山区分局、浙江大华技术股份有限公司,,其他类,政法类,杭州,2021
101,涉外警务专业国际化人才培养“内外协同三措并举”模式的探索与实践,许韬、陈晓济、林艺聪、薛姣、韦益毅、何毅、叶宁、王鑫、葛悦炜、傅海燕,浙江警察学院,,其他类,政法类,杭州,2021
102,以新文科为导向的西方音乐课程体系建设与创新,杨九华、朱宁宁、瞿枫、李鹏程、董晨阳、郭一涟、李燕,浙江音乐学院,,其他类,艺术类,杭州,2021
103,“学演贯通、舞台淬砺、产学相融”的表演类专业实践教学改革与探索,张云良、申想真、王滔、陈声钢、王维平、安怡、董德君、王甫建、徐颃、蒋巍,浙江音乐学院,,其他类,艺术类,杭州,2021
104,“行走的新闻”：行、访、叙、写实践教学改革与课程思政育人的创新探索,刘建民、王军伟、胡晓梅、李炜、吴飞、李义杰、彭增军、陈雪军、朱小红、文娟,浙大宁波理工学院,,其他类,理工类,杭州,2021
105,数字化背景下的《包装机械设计》国家一流课程十年建设范式与实践,高德、张炜、张学昌、陆俊杰、许少锋、裴磊、王炳涛、查支祥、陈根浪、孙智慧,浙大宁波理工学院、哈尔滨商业大学,,其他类,理工类,杭州,2021
106,一横两竖，纵横协同： 综合型大学管理类本科生培养体系改革与实践,汪蕾、魏江、潘健、陈熹、陈俊、马弘、邢以群、王小毅、张世琪、朱纪平、周伟华、吴为进、高晨、陈璞,浙江大学,,985,综合类,杭州,2021
107,生物医学创新人才国际联合培养模式,欧阳宏伟、鲁林荣、王青青、陈晔、王玉芬、周金其、周婕、薛倩,浙江大学,,985,综合类,杭州,2021
108,环境类本科生多维创新能力培养模式的探索与实践,胡宝兰、陈宝梁、沈超峰、杨坤、郑平、张建英,浙江大学,,985,综合类,杭州,2021
109,走进“一带一路”沿线国家的中国高等化工教育实践,潘鹏举、徐国华、李伯耿、王盎然、任其龙、胡远华、孙方娇、蔡祖森、沈黎勇、余凯琳、陈丰秋、张红、何奕、沈律明、沈文华、邢华斌,浙江大学、浙江恒逸集团有限公司、,,985,综合类,杭州,2021
110,“一体两翼、创新驱动”的新工科自动化专业人才培养模式探索与实践,侯迪波、梁军、熊蓉、冯毅萍、邵之江、叶松、戴连奎、谢依玲、王酉、周春琳、刘勇、黄平捷、杨亮、赵豫红、谢颖峰,浙江大学,,985,综合类,杭州,2021
111,基于TBL的医学教育课程体系探索与实践,柳华、沈静、宓旭峰、张园园、肖希斌、余沛霖、王伟斌、白晓霞、徐骁、韩魏、吕寒冰、王迪、夏强、孙熠、沈炜亮、杨海萍,浙江大学,,985,综合类,杭州,2021
112,食品专业研究生国际竞争力提升培养模式创新与实践,刘东红、程焕、卢黄娉、王晓燕、程萌、丁甜、陈士国、陈启和、冯水娟、章宇,浙江大学,,985,综合类,杭州,2021
113,全球化背景下土建类研究生培养国际化提升,吕朝锋、罗尧治、吴越、陈喜群、王卡、胡安峰、路琳琳、陈辰星、张莹砾,浙江大学,,985,综合类,杭州,2021
114,儿科专业人才创新培养模式的探索与实践,舒强、杜立中、陈志敏、洪云霞、张园园、毛建华、傅君芬、赵正言、邹朝春、陈青江、谈林华、徐玮泽、朱智瑞,浙江大学,,985,综合类,杭州,2021
115,“查研展赛”——艺术院校教学质量保障机制的构建和实践,曹晓阳、陈正达、王一飞、沈乐平、段卫斌、余晨星、于朕、宣学君、胡敏、韦乐,中国美术学院,,其他类,艺术类,杭州,2021
116,以卓越设计人才培养为目标的视觉传达多维教学体系的构建与实践,陈正达、毕学锋、方舒弘、王弋、胡珂、吴炜晨、郭锦涌、石建航、郑朝、周峰,中国美术学院,,其他类,艺术类,杭州,2021
117,"""东方设计语境下的""中国独立设计师培养模式",吴海燕、陶音、郎青、姜图图、徐燚、凌雅丽、黄思文、安郁汐、王小丁、王书莹,中国美术学院,,其他类,艺术类,杭州,2021
118,中国当代本土建筑设计本科教学体系,王澍、陆文宇、陈立超、宋曙华、蒋伟华、阮昊、刘畅、王欣、任天,中国美术学院,,其他类,艺术类,杭州,2021
119,面向中国制造战略转型的设计智造协同创新人才培养体系,王昀、刘征、杭间、王菁菁、严增新、谷丛、章俊杰、熊娜、朱发运、陈赟佳,中国美术学院,,其他类,艺术类,杭州,2021
120,面向数字经济的计算机类创新人才培养模式探索与实践,范菁、江颉、王万良、朱李楠、戴光麟、陈朋、毛诗焙、雷艳静、王卫红、陈蓉蓉,浙江工业大学,,其他类,理工类,杭州,2021
121,企业创新需求导向的工业设计人才培养体系改革与实践,卢纯福、朱意灏、傅晓云、吴剑锋、唐智川、王建胜、张露芳、朱昱宁、华尔天、朱上上,浙江工业大学,,其他类,理工类,杭州,2021
122,“四融合四转变”机械类创新人才培养模式探索与实践,潘柏松、金伟娅、姚建华、章嫦华、林洁、梁利华、谭大鹏、朴钟宇、鲁建厦、王秋成,浙江工业大学,,其他类,理工类,杭州,2021
123,工程化多态化立体化多元协同，培养自动化专业创新人才,俞立、南余荣、杨东勇、戴光麟、贾立新、仇翔、吴根忠、屠佳、张有兵、杨马英,浙江工业大学,,其他类,理工类,杭州,2021
124,课程链?实践链?研究链?竞赛链 四链协同培养材料类学生创新能力探索实践,胡晓君、侯广亚、王旭、陈耀、车声雷、张林、李涓、郑国渠、唐谊平、周成双,浙江工业大学,,其他类,理工类,杭州,2021
125,地方高校土木类专业工程能力“浸润式”培养探索与实践,蔡袁强、许四法、刘宏远、卢成原、付传清、彭国军、夏才安、张豪、王建东,浙江工业大学,,其他类,理工类,杭州,2021
126,“创新引领、协同育人”—地方高校博士研究生培养机制改革与实践,郑华均、俞立、王哲、艾宁、方喆、何晓英、仇翔、李研彪、陶新永、郑仁朝,浙江工业大学,,其他类,理工类,杭州,2021
127,“大文学教育”：汉语言文学专业人才培养模式新探索,吴翔宇、汤汤、邱江宁、葛永海、吴述桥、李蓉,浙江师范大学,,其他类,师范类,金华,2021
128,全域融通?和合共生：卓越幼儿园教师人才培养模式探索,李伟健、朱宗顺、赵一仑、秦金亮、刘宝根、董文明、王丽燕,浙江师范大学,,其他类,师范类,金华,2021
129,本土国际化、国际本土化：商科国际人才培养模式的宁大探索,邱妘、钱树静、盛沛锋、周新苗、汪娓娓、朱一鸿、陆智强、施颖燕、彭新敏、陈涛,宁波大学,,其他类,综合类,宁波,2021
130,高校与中小学“双轮驱动”的卓越教师培养体系研究与实践,贺国庆、冯铁山、张宝歌、张林、邵光华、吴小鸥、周勇、刘希伟,宁波大学,,其他类,综合类,宁波,2021
131,“一核两翼三协同”文化育人模式的十五年探索与实践,张真柱、屠春飞、梁卿、李包庚、孙欢欢、张乐、汪盛科、孙善根、张义廉、胡斌,宁波大学,,其他类,综合类,宁波,2021
132,“渔业发展”专硕研究生“三三三”复合型人才培养的研究与实践,王春琳、蔡真亮、母昌考、屠春飞、戚家超、陈炯、李成华、李政、包红燕、史西志,宁波大学,,其他类,综合类,宁波,2021
133,对接国家发展战略、服务港城经济需求：多元化MBA人才“四新”培养模式,周新苗、盛沛锋、陈涛、邱妘、彭新敏、杨丽华、张向群、张聪群、应志芳、何跃军,宁波大学,,其他类,综合类,宁波,2021
134,学科引领、平台构建、社会服务——红色文化协同育人探索与实践,渠长根、陶伟华、肖香龙、贺俊杰、王艳娟、范冰川、仰滢、胡坚、何凡,浙江理工大学,,其他类,理工类,杭州,2021
135,五为引领，课程融贯，平台联动：行业特色高校国际化人才培养改革与实践,吴锋民、郜正荣、季晓芬、陈敏之、任宁、傅翔、胡文斌、楼盛华,浙江理工大学,,其他类,理工类,杭州,2021
136,全产业链、集产研院、跨学科链“一体两翼”纺织研究生培养的探索和实践,于斌、祝成炎、郭玉海、陈建勇、王晓蓬、徐阿进、朱斐超、刘国金、于张颖、王成龙,浙江理工大学,,其他类,理工类,杭州,2021
137,“科学评估、精准监控、持续改进”地方高校教学质量保障体系的构建与实践,陈建华、胡海滨、刘建、黄鹤、赵晓东、夏涛,杭州电子科技大学,,其他类,理工类,杭州,2021
138,地方高校创新型计算机系统能力培养体系的改革与实践,冯建文、包健、赵伟华、赵建勇、严义、周旭、邬惠峰、谌志群、刘鹏、贾刚勇,杭州电子科技大学,,其他类,理工类,杭州,2021
139,基于新文科理念的“四链联动”金融科技创新人才培养模式探索与实践,都红雯、田穗、郑海味、张辽、李淑锦、高蓉、申琳、李甫伟、薛文忠、胡文彬,杭州电子科技大学,,其他类,理工类,杭州,2021
140,需求引领，协同育人，具有创新能力和国际视野的研究生培养模式构建与实践,程知群、刘国华、王光义、程瑜华、游彬、关阳阳、陈科明,杭州电子科技大学,,其他类,理工类,杭州,2021
141,培养“智工商”型创造者：数智时代工商管理人才培养新模式的探索与实践,俞荣建、岑杰、项丽瑶、叶庆燕、向荣、郝云宏、江辛、楼天阳、王永跃、肖迪,浙江工商大学、浙江财经大学,,其他类,财经类,杭州,2021
142,基于产教深度融合的“三化”新金融人才培养模式改革与实践,柯孔林、方霞、施建祥、邓弋威、古昕、韦宏耀、傅利福、吕凯波、钱水土、马丹,浙江工商大学,,其他类,财经类,杭州,2021
143,艺商融合、双轨三阶：设计类复合型人才培养模式创新与实践,高颖、许晓峰、赵侃、陈岫、王怡、陶伦、蓝辉、贺程飞、李磊、邹宁,浙江工商大学、浙江省文化产业创新发展研究院、浙江大学现代工业设计研究所、天目传媒有限公司,,其他类,财经类,杭州,2021
144,“五育并举、多元融合、数字驱动” ——新时代商科院校人才培养体系构建与实践,赵英军、厉小军、江辛、裴蓓、伍蓓、马丹、郑晓春、谢满德、陈宜治,浙江工商大学,,其他类,财经类,杭州,2021
145,通识四法：地方高校通识教育十年的探索与实践,陈寿灿、厉小军、施建祥、裴蓓、郑晓东、王歆玫、李蓉、于希勇、赵霞,浙江工商大学,,其他类,财经类,杭州,2021
146,基于BSP理念的统计学研究生应用能力培养模式探索与实践,陈振龙、苏为华、程开明、郭宝才、向书坚、徐蔼婷、陈钰芬、王伟刚、陈庭贵、王江峰,浙江工商大学,,其他类,财经类,杭州,2021
147,深耕特色，平台支撑，内外协同：标准化教育的国际化创新与实践,宋明顺、余晓、周立军、黄乐富、王鉴棋、胡静、郑素丽、乐为、吴宏宽,中国计量大学,,其他类,理工类,杭州,2021
148,竞赛赋能数模育人：构建大学生创新能力培养体系的研究与实践,王义康、刘学艺、李有梅、蒋伟峰、柴中林、赵承业、王成、陈玲玲、杨静华、张艳,中国计量大学,,其他类,理工类,杭州,2021
149,产教融合、多元协同---生物检验检测类本科创新人才培养的探索与实践,叶子弘、张拥军、郝培应、李红亮、徐鎏、方结红、申屠旭萍、管峰,中国计量大学,,其他类,理工类,杭州,2021
150,新工科视角下个性化人才培养模式的改革与实践——以中国计量大学工试班为例,毛成、赵春鱼、李一星、孙卫红、蔡晋辉、王晓娜、于兹瀛、吴昕、杨娜、沈忠伟,中国计量大学,,其他类,理工类,杭州,2021
151,读经典 跟名师 强临床 善创新——中医优秀人才培养“浙江模式”的探索与实践,范永升、吴承亮、吴建浓、张翼宙、陈健、包素珍、夏永良、卢建华、来平凡、丁曦,浙江中医药大学,,其他类,医药类,杭州,2021
152,“双通双融”针灸推拿学专业人才培养模式的探索与实践,方剑乔、马睿杰、林咸明、王樱、张全爱、吕立江、许丽、孙晶、陈晓军、梁冬艳,浙江中医药大学,,其他类,医药类,杭州,2021
153,基于“六位一体”卓越护理人才培养模式的创新与实践,孙秋华、沈翠珍、何桂娟、汪国建、林觐民、方年根、裘秀月、马小琴、沈勤、王俊杰,浙江中医药大学,,其他类,医药类,杭州,2021
154,创新村医培养、服务乡村振兴 ——新时代“赤脚医生”培养的浙江模式,阮叶萍、陈忠、来平凡、刘英超、黄建波、季旭明、张芯、邬元曦、李贵洪、薛峰,浙江中医药大学,,其他类,医药类,杭州,2021
155,尚德重能、传承创新、交叉融合——大健康理念下的中医药院校研究生培养体系,温成平、张翼宙、夏道宗、杨伟吉、张文恺、葛琳仪、袁强、陈健、曹岗、许正浩,浙江中医药大学,,其他类,医药类,杭州,2021
156,浪尖上的体育：基于海洋地域的特色体育课程创新与实践,傅纪良、王裕桂、刘伯煜、刘小虎、卢海英、魏汝领、黄永良、张同宽、黄玲、黄晓东,浙江海洋大学,,其他类,农林类,舟山,2021
157,下海问道、科教融合——海洋科学类专业校际联合实习模式的探索与实践,王健鑫、郑爱榕、吴克俭、李培良、范美华、刘丽华、李铁、魏永亮、王龙樟、黄永良,浙江海洋大学、厦门大学、中国海洋大学、上海海洋大学、浙江大学,,其他类,农林类,舟山,2021
158,以“规划引领，资源集约，评价驱动”筑牢人才培养中心地位的探索与实践,梅亚明、陈方、李燕、钱光辉、杜春华、梅雨晴、董杜斌、郭建忠、孙伟圣,浙江农林大学,,其他类,农林类,杭州,2021
159,“产研教赛”深度融合的农林院校电子信息类人才培养改革与实践,徐爱俊、冯海林、戴丹、吴达胜、方陆明、任俊俊、曾松伟、周素茵、徐达宇,浙江农林大学,,其他类,农林类,杭州,2021
160,“卓越引领、素养为本”的林业新工科人才培养模式探索与实践,金春德、李光耀、姚立健、张晓春、俞友明、何振波、余肖红、李松、苏小菱、吴水根,浙江农林大学、江山欧派门业股份有限公司,,其他类,农林类,杭州,2021
161,基于卓越农林计划的“124”复合应用型农科人才培养体系的创新与实践,刘庆坡、甘毅、饶琼、戎均康、刘兴泉、董杜斌、庞林江、赵光武、张传清、吕尊富,浙江农林大学,,其他类,农林类,杭州,2021
162,经济转型背景下非诉法律人才培养模式改革,李占荣、李政辉、童志锋、李海龙、康莉莹、曾章伟、孟涛、王俊、冯姣、严城,浙江财经大学,,其他类,财经类,杭州,2021
163,一核多能 层级递进的融通式新商科人才培养模式创新与实践,董进才、王建明、沈渊、陈颖、叶舟 、倪文斌、赵昶、吴丽民,浙江财经大学,,其他类,财经类,杭州,2021
164,卓越新闻传播人才“三结合、两保障”培养模式探索与实践,李文冰、崔波、李欣、黄寒冰、张博、郭璇、焦俊波、周玉兰、李灵革、李新祥,浙江传媒学院,,其他类,文法类,杭州,2021
165,传媒“三创”育人生态系统构建与实践探索,徐小洲、张雷、梅伟惠、傅梅烂、黄寒冰、俞定国、卢炜、戴运财、黄巧玲、刘召鑫,浙江传媒学院、浙江大学,,其他类,文法类,杭州,2021
166,基于校台校企深度合作的播音主持卓越人才培养的改革与实践,杜晓红、石艳华、倪琦珺、刘力军、周甄陶、王一婷、鲍芳、邱蔚、郎君、任彬彬,浙江传媒学院,,其他类,文法类,杭州,2021
167,理念?课程?实践：高校生命教育体系的十五年探索与实践,何仁富、汪丽华、张方圆、马九福、王国雨、李琼瑶、袁蕾,浙江传媒学院,,其他类,文法类,杭州,2021
168,数智化情境牵引下“业财融合”型会计人才培养路径的探索与实践,潘煜双、李郁明、崔晓钟、王筱萍、杨行翀 、毕华书、蒋定福、童建华,嘉兴学院、中国会计学会会计教育专业委员会,,其他类,综合类,嘉兴,2021
169,一专多能?交叉融合?共建共赢—地方高校应用型跨界人才培养模式创新与实践,杨培强、王敏、张辉、徐利平、邢博、喻锋平、李郁明、孙德发、黄立新、彭文利,嘉兴学院、嘉兴南湖学院,,其他类,综合类,嘉兴,2021
170,基于化工与制药大类人才培养的“突破?构建?融合”实验教学体系探索与实践,李蕾、刘海清、曹红、宗乾收、李以名、刘丹、朱连文、曾延波、李加友、朱长俊,嘉兴学院,,其他类,综合类,嘉兴,2021
171,“青年学子学青年习近平”学习教育“三进四融”大思政育人体系的探索与实践,宣勇、徐勇、傅尧力、方 浩、毛振华、周明宝、田俊杰、陈锋、尹铁、屠立达,浙江外国语学院,,其他类,语言类,杭州,2021
172,基于“生活思政”互嵌融合的高校思政课教学改革与创新,蒋建军、王伟忠、林德操、孙叶飞、朱美燕、向娴华、周娟、丁守年、林怡、汪源,浙江万里学院,,其他类,综合类,宁波,2021
173,应用型高校创业人才“双循环、全链条”培养模式的探索与实践,应敏、蒋建军、王伟忠、林德操、吴章健、向娴华、芦群、陈清升、陈金龙、黄文军,浙江万里学院,,其他类,综合类,宁波,2021
174,“三链对接、双向嵌入、六阶推进”的应用型人才培养改革与实践,李鲁、姜文杰、金建昌、陈慰浙、陈丹维、朱红缨、楼五艳、傅利泉、王洪林、徐小卫,浙江树人学院、浙江大华技术股份有限公司、物产中大金石集团有限公司、七彩文化科技集团有限公司,,其他类,综合类,杭州,2021
175,以艺育德?以美润教：以“新六艺”提升师范生综合素质的教育改革与实践,戴丽敏、许建美、严从根、蒋璐敏、陈继旭、杨茜、赵立、丁星、叶剑波、刘勇,杭州师范大学,,其他类,师范类,杭州,2021
176,“五位一体、四个整合”——构建创新型复合型应用型药学人才培养新模式,谢恬、张丽慧、隋新兵、曾昭武、殷晓浦、周建良、陈功星、唐婷、王丽薇、李成檀,杭州师范大学,,其他类,师范类,杭州,2021
177,“一站六环”：名师引领下小学教育硕士培养模式探索与实践,严从根、童富勇、王晨、肖正德、周佳、徐洁、程建坤,杭州师范大学,,其他类,师范类,杭州,2021
178,“三轮递进”的网络工程人才培养共同体探索与实践,施晓秋、刘军、徐嬴颖、金可仲、黄辉、徐玉、唐震洲、厉旭杰、励龙昌、王咏,温州大学,,其他类,综合类,温州,2021
179,“一体两翼”下土木工程专业实践教学改革与探索,王军、蔡袁强、吴冬雁、孙林柱、刘谨、谷川、郭林、赵俊亮,温州大学,,其他类,综合类,温州,2021
180,适应乡村学校小规模化趋势的全科教师培养十年探索与实践,余小红、章味珍、周兴平、翁琴雅、陈川、汪伟俊、徐国群、卢晓文、王工一、许玲俊,衢州学院、柯城区大成小学、开化县教育局、衢州求是科技联合会,,其他类,综合类,衢州,2021
181,新建本科高校“四融三通两化”新技术应用人才培养体系的构建与实践,周兆忠、周建强、谢志远、林峰、吴以莉、方兴、叶虹、邓小雷、杨娥、兰章宣,衢州学院,,其他类,综合类,衢州,2021
182,“三表?四阶?五协同”：专业课实施课程思政路径的研究与实践,沈赤、张宏、陈均土、陈伟鸿、张颖、谷江稳、章越松、梁瑜、李黎、冯晟,绍兴文理学院,,其他类,综合类,绍兴,2021
183,“三维一体”地方高校集成电路人才实践创新能力培养的探索与实践,方泽波、李志彬、朱敏杰、吴海飞、盛锡红、姚博、于梅、余庆、方小利、赵伟强,绍兴文理学院、绍兴市职业教育中心、中芯集成电路制造 （绍兴）有限公司,,其他类,综合类,绍兴,2021
184,竞赛牵引、产教融合、一二课堂联动——纺织服装创意设计人才培养12年探索,段亚峰、陈伟鸿、钱红飞、纪晓峰、朱昊、李旭明、邹专勇、洪剑寒、孟旭、占海华,绍兴文理学院、中国纺织服装教育学会,,其他类,综合类,绍兴,2021
185,三阶嵌合、三维耦合、三方协同—综合性高校医学人文教育路径的探索与实践,柳国庆、孙一勤、陈三妹、黄丹文、陈小萍,绍兴文理学院,,其他类,综合类,绍兴,2021
186,固本强基?校地融合：“一体双核三阶”中学数学师范教育体系的探索与实践,唐笑敏、刘太顺、唐恒钧、赵建平、吴利敏、褚水林、刘东、唐矛宁、吕小芬、黄韬,湖州师范学院、浙江师范大学、吴兴区教育局教学研究与培训中心、南浔区教育教学研究和培训中心,,其他类,师范类,湖州,2021
187,“三协三融”：大陈岛垦荒精神融入当代大学生思政育人体系的探索与实践,崔凤军、周良奎、金松、盛跃明、林杰、张梅芬、潘垚、周瑶、李仲斐、沈星虎,台州学院、中共台州市委宣传部、大陈镇党委,,其他类,综合类,台州,2021
188,校地共生三对接?产教协同六融合——应用型人才培养体系创新与实践,陈光亭、李银丹、王小岗、张永炬、李钧敏、金燕仙、苏岐芳、杜才平、褚孔志、范剑,台州学院,,其他类,综合类,台州,2021
189,地方高校医药化工类应用型人才“三院协同”培养模式的探索与实践,金燕仙、韩得满、陈基根、武承林、余彬彬、吴建波、李银丹、黄国波、李嵘嵘、张杰,台州学院、台州生物医化产业研究院、头门港产业学院,,其他类,综合类,台州,2021
190,音乐学专业“民族+”创新型人才培养模式改革与实践,罗俊毅、夏伟涛、程远、吴士祥、谢华丽、黄丽群、王茜、刘志强,丽水学院,,其他类,综合类,丽水,2021
191,地方高校“三色嵌入、四维联动”培养山区特色人才探索与实践,李俊杰、刘克勤、张龙、胡锋吉、高树昱、朱银法、陈一艳,丽水学院,,其他类,综合类,丽水,2021
192,“三园融合”应用型汽车人才培养模式 的探索与实践,徐可明、程晓民、陈晓平、李发宗、尚伟燕、张爱群、郑书华、韩玉、严子期,宁波工程学院,,其他类,理工类,宁波,2021
193,《思想政治理论综合实训》课程“两融三全”教学模式改革与实践,龚正荣、朱建一、魏长青、王雅君、谢林淙、武鹏、傅雅婷、江涛、朱潇婷、吴心怡,浙江警察学院、浙江省长兴县公安局、海宁市公安局、萧山区公安分局,,其他类,政法类,杭州,2021
194,“一带一路”视域下汉语国际教育专业“汉语+”双栖人才培养模式探索与实践,朱文斌、刘家思、杨锋、孙永红、姜兴鲁、王海红、刘召明、李巧兰、余群、曹笑玮,浙江越秀外国语学院,,其他类,语言类,绍兴,2021
195,标准引领?能力主线：大宗商品流通领域人才培养的宁波实践,王瑞、魏麒、周巧萍、王芬、叶素文、范春风、王叶峰、张福健、韩庆军,宁波财经学院、中基宁波集团股份有限公司、宁波港东南物流集团有限公司、新湖期货股份有限公司宁波营业部、绍兴市新宇资产管理有限公司,,其他类,财经类,宁波,2021
196,全要素融入、全流程重塑、全过程监测：构建课堂教学新形态的探索和实践,李羽、叶伟剑、李晓文、章秋红、叶静、葛云锋、吴用、施晓珍、王琦、陈文颖,宁波财经学院,,其他类,财经类,宁波,2021
197,创意点亮乡村：艺术设计类专业人才“三真合一”实践能力培养路径探索与实践,漆小平、樊燚琴、刘岚、梁伟、漆菁夫、王楠、吕焕琴、陈欢、余毅,宁波财经学院,,其他类,财经类,宁波,2021
198,面向中小企业发展需求“创产教一体化”人才培养模式的探索与实践,王云儿、李羽、李继芳、 宣葵葵、朱凤梅、王媛、董超、赵迎军、李晓蕾、李书进,宁波财经学院,,其他类,财经类,宁波,2021
199,室内乐（Ⅰ-Ⅵ）系列课程“四维联动”的教学改革与实践,董德君、刘瓅元、李艺花、李佳胤、杨光、付珍珍、王丹迪、吉祥、王佳琪、翟星星,浙江音乐学院,,其他类,艺术类,杭州,2021
200,跨学科交融的“中国音乐理论课程体系”建构之探索实践,林林、南鸿雁、杨成秀、吴凡、温和、洪艳、孙焱,浙江音乐学院,,其他类,艺术类,杭州,2021
201,“双链融合、三方协同”的新药研发技术服务型药学人才培养的改革与实践,梁广、施菁、杜文婷、陈婷、王欣、李军、吕海峰、张信岳、黄文海、倪晓莉,杭州医学院,,其他类,医药类,杭州,2021
202,地方高校思政课“微”教学改革与实践,伍醒、聂迎娉、冯建波、顾琼莹、吴新林、代玉启、陈伟、刘炳辉,浙大宁波理工学院,,其他类,理工类,杭州,2021
203,公益创业驱动的创新创业人才培养模式,鞠芳辉、余志伟、袁彦鹏、刘艳彬、疏礼兵、苗青、李萍萍、周国红、张雪晶、姜卫韬,浙大宁波理工学院,,其他类,理工类,杭州,2021
204,“三创融合 四轮驱动 五链协同”：创新创业人才培养模式的二十年探索实践,王大将、吴飞霞、毛传雨、温长秋、苏忠根、薛玉香、连新泽、孙小红,温州理工学院,,其他类,理工类,温州,2021
205,基于产教协同的时尚智造类“二三四六”人才培养模式的探索与实践,徐光辉、李叔君、钟炳伟、李文莉、王钟、王丽、姚文斌、吴延熊、晨晓、汪永奇,浙江农林大学暨阳学院,,其他类,农林类,杭州,2021
206,从“会读书”到“会创造”：拔尖创新人才自主培养的浙大实践,任少波、郑春燕、吴飞、吴健、江全元、张光新、徐国斌、葛坚、柏浩、阮俊华、徐贤春、何珊云、郭立恒、张波,浙江大学、华南农业大学、南京理工大学,,985,综合类,杭州,2025
207,体系化教材、数智化教学、多元化育才：新一代人工智能人才培养实践,潘云鹤、吴飞、孙凌云、陈静远、杨旸、陈建海、吴超、郑春燕、李艳、杨洋、况琨、朱强、肖俊、杨易、章敏,浙江大学,,985,综合类,杭州,2025
208,“一核两翼三融通”的新地学拔尖人才培养体系构建与实践,杨树锋、杜震洪、饶灿、舒守娟、张丰、李卫军、苏程、杨蓉、杨波、吴森森、程晓敢 邓素清、蒋艳冬、徐义贤、陈汉林,浙江大学,,985,综合类,杭州,2025
209,重个性、强实践、筑生态：电子信息产业领军人才培养探索与实践,王玮、陈红胜、吴汉明、项志宇、孙棋、张睿、史治国、张朝阳、章献民、杨建义、胡浩基、吴叶飞、周晓馨、戴志潜、杨冬晓,浙江大学,,985,综合类,杭州,2025
210,三维转型、四链协同——理科类公共基础课教学体系建设与创新实践,吴健、江全元、杨旸、吴飞、张光新、胡吉明、盛为民、赵道木、王从敏、赵云鹏、孙凌云、姚立敏、顾颖杰,浙江大学,,985,综合类,杭州,2025
211,盛世修典 赓续文脉 再铸辉煌：“中国历代绘画大系”以文育人、以文化人二十年,张曦、王小松、何欢欢、陈野、刁常宇、王利剑、金晓明、缪哲、李志荣、陈为、张钰霖、陈晓皎、池长庆、欧阳碧晴、王一帆,浙江大学,,985,综合类,杭州,2025
212,心智、人智、数智“三智”融通的大学英语教学生态体系构建与实践,何莲珍、闵尚超、方富民、周颂波、王敏、梁君英、陈文智、潘珣祎、张紫徽、李航、张凌,浙江大学,,985,综合类,杭州,2025
213,“学科融通、实践进阶、机制赋能”基础医学拔尖人才培养十五年改革和实践,张岩、楼建晴、胡薇薇、王青青、徐浩新、欧阳宏伟、柯越海、王迪、蒋笑莉、沈静、张晓明、严燕蓉、高铃铃、谢灵丹、潘虹,浙江大学、中国高等教育学会、中国计量大学、浙大城市学院、余姚市机器人研究中心等,,985,综合类,杭州,2025
214,重响应、重引领、重协同——浙江大学专业学位项目制培养的探索与实践,王立忠、卜佳俊、陈智峰、徐元朔、王征、潘云鹤、杨华勇、任其龙、喻景权、顾臻、眭依凡、孙慕蓉、施晨辉、卢叶、陈家英,浙江大学,,985,综合类,杭州,2025
215,教育-科技-产业同步演进与深度交融的重大技术装备智能制造卓越人才培养,杨华勇、徐兵、刘振宇、王柏村、韩冬、赵朋、俞磊、陈远流、尹俊、胡伟飞、李树然、徐凯臣、朱吴乐、叶建芳、丁红钦,浙江大学,,985,综合类,杭州,2025
216,学科筑基、思政铸魂：研究生“学科思政”育人体系的构建与实践,朱慧、叶松、卢飞霞、刘波、代玉启、张荣祥、张晓洁、王婷婷、张雨晴、朱杭、倪加旎、鲍雨欣、张雨迪、柏浩、曹磊,浙江大学、福建农林大学、中国农业科学院茶叶研究所、云南农业大学,,985,综合类,杭州,2025
217,“三元联动，三重并行”综合性大学农科研究生卓越培育体系建设与实践,喻景权、周艳虹、张国平、陈学新、孙崇德、方磊、吴迪、张颖、王建军、张帆、李珊、蒋梦汝、李飞、陈萍、杜艳楠,浙江大学,,985,综合类,杭州,2025
218,计算驱动-学科联动-实践推动：数智赋能的创新人才培养,范菁、江颉、王万良、孔祥杰、陈朋、张笑钦、严昊、汤颖、王亚军、杨良怀,浙江大学,,985,综合类,杭州,2025
219,“力学+”引领的地方高校工程力学“三阶五链三维”人才培养体系创新与实践,吕朝锋、杜建科、张明华、黄斌、张爱兵、郑宇轩、王永刚、许孟辉、章子华、项四通,浙江大学,,985,综合类,杭州,2025
220,目标导向·双核驱动·融合贯通——拔尖创新创业人才培养的“浙理模式”,陈爱喜、吕媛媛、张伟、潘骏、傅雅琴、徐映红、许联、刘炜亚,浙江大学,,985,综合类,杭州,2025
221,产业适配、数智铸能、科创贯通 ——电子信息类数字创新人才培养探索与实践,林菲、陈积明、徐江荣、罗志增、吴颖、吕强、苏强、李虎、卢峰,浙江大学,,985,综合类,杭州,2025
222,传承·融合：“双数”驱动中医药教育教学的创新实践,陈忠、黄建波、李志敏、梁宜、何强、赵鸣、赵伟春、李露芳、郑洪、马艺珈,浙江大学,,985,综合类,杭州,2025
223,“原创新药”为导向的药学创新人才自主培养的研究与实践,李校堃、林丽、卫涛、田海山、王建波、金子、牛建楼、吴迪、王文秀、郑晴怡,浙江大学、浙江大学衢州研究院、巨化集团有限公司,,985,综合类,杭州,2025
224,从千万工程到共同富裕： 新型“农创客”人才培养的浙江探索与实践,沈希、孙伟圣、罗黎敏、尹国俊、黄风立、孙燕勤、潘伟光、徐惠荣、胡斌武、缪鲁加,浙江大学,,985,综合类,杭州,2025
225,创新创业教育与专业教育深度融合的人才培养模式研究与实践,黄兆信、赵蕾、罗志敏、沈嫣、王旭燕、朱雪波、施永川、李志永、韩冠爽、翁灵丽,浙江大学,,985,综合类,杭州,2025
226,以地方为师：地域文化融入高校育人体系的绍兴实践,崔凤军、宋浩成、李子华、蒋洁蕾、方小利、李圣华、诸凤娟、潘奕羽、钟央文、严许媖,浙江大学、国家能源集团浙江电力有限公司、东方电气长三角（杭州）创新研究院有限公司、浙江省能源集团有限公司、浙江省特种设备科学院研究院,,985,综合类,杭州,2025
227,从项目化到体系化：产业发展驱动的高层次工程人才培养二十年实践与范式创新,胡军、方双喜、吴一洲、张文安、刘刚、何军达、方喆、陈微微、姜莹莹、朱菲菲,浙江大学,,985,综合类,杭州,2025
228,扎根基层 胸怀天下:教育类专业硕士“四核五维”大德育模式27年探索实践,蒋云良、王淑娉、查颖、李润洲、温建明、王辉、陈海峰、查亮亮,浙江大学,,985,综合类,杭州,2025
229,服务西部大开发战略的新时代水产研究生“东西部协作”培养模式探索与实践,母昌考、王春琳、戚家超、邵丽、李斌、陈相瑞、张乐、王欢、徐嘉杰、史策,浙江大学,,985,综合类,杭州,2025
230,基于校地重大产教融合创新平台的纺织类专业学位研究生培养,吕汪洋、陈文兴、郭玉海、戚栋明、毛迎、张琪、刘国金、仰滢、宋凯利、孙妍璐,中国美术学院,,其他类,艺术类,杭州,2025
231,面向新工科的工程图学教学创新与大赛赋能十五年,谭建荣、刘振宇、张树有、陶冶、赵昕玥、施岳定、费少梅、王晓沁、段桂芳、何再兴、裘辿、王自立,中国美术学院,,其他类,艺术类,杭州,2025
232,“土木-水利-交通”融合培养的“大土木类”新工科专业改革与实践,罗尧治、许月萍、许贤、舒江鹏、张帅、刘承斌、李宾宾、马一祎、朱政、段元锋、陈海荣、黄道、刘峥嵘、徐畅、洪义,浙江工业大学,,其他类,理工类,杭州,2025
233,“重基础、重设计、重创造”的卓越工程人才培养改革实践——浙大工高班30年,叶民、葛坚、李拓宇、余倩、金一平、李琳、王沛民、蒋克铸、谢桂红,浙江工业大学,,其他类,理工类,杭州,2025
234,多元·引领·融合：浙江大学数学拔尖人才培养模式的创新与实践,励建书、盛为民、孙凯、席亚昆、林智、周善东,浙江工业大学、浙江省机电集团有限公司、杭州汽轮动力集团股份有限公司,,其他类,理工类,杭州,2025
235,文理交叉、学研融合、知行贯通：新文科经济学创新人才培养模式探索与实践,黄先海、方红生、陆菁、江文帅、王义中、余林徽、周黎明、梁艳,浙江工业大学、山东大学、同济大学、浙江水利水电学院,,其他类,理工类,杭州,2025
236,交叉筑基·五维融创—农业资源与环境拔尖人才培养体系重构与廿五载实践,陈丁江、林咸永、卢玲丽、刘杏梅、徐建明、史舟、陈宝梁、杨坤、胡吉明、赵和平、张建英、翁小乐、寿惠霞、叶惠飞、倪百慧,浙江工业大学、浙江大学、浙江省白马湖实验室有限公司,,其他类,理工类,杭州,2025
237,临床胜任力导向的“早临-融通-精研”本硕一体化人才培养创新与实践,王建安、项美香、薛静、范让、林洁、梁微微、丁思引、温丽虹、严梦玲、禹华良、李红蕾、蒋鸿杰、孙博、童杰峰、莫杭波,浙江工业大学,,其他类,理工类,杭州,2025
238,研·赛牵引、指数导向、虚实结合的高校教师教学发展探索及其成效,陆国栋、吴英策、赵春鱼、何钦铭、阚阅、颜晖、郑春燕、李基拓、薛晓婧、唐宇婷、徐巧宁、封毅、赵燕、李银丹、顾琼莹,浙江师范大学,,其他类,师范类,金华,2025
239,分阶递进、数智赋能：临床医学成长式胜任力评价体系建设与创新实践,李晓明、楼敏、沈静、江路华、吕寒冰、罗建红、应颂敏、孙熠、丁亦刚、许士琪、徐骁、徐凌霄、韩魏,浙江师范大学、浙江工业大学、浙江越秀外国语学院、中国计量大学、浙江理工大学,,其他类,师范类,金华,2025
240,扎根中国公共管理真实场景的创新型人才培养体系——浙大公管实践育人十年探索,郁建兴、高翔、姚晨、黄萃、阮俊华、黄飚、沈永东、刘晓婷、王诗宗、谈婕、杨超,浙江师范大学、杭州师范大学、湖州师范学院、绍兴文理学院,,其他类,师范类,金华,2025
241,新农科背景下“三茶统筹、双轮驱动”的茶学复合创新人才培养改革与实践,王岳飞、周继红、徐平、陈云、楚强、陈萍、陆建良、马永芳、林金科、江用文、王白娟、高水练、孙逸钊、刘晓慧、郭昊蔚,宁波大学、正大水产（湖州）有限公司,,其他类,综合类,宁波,2025
242,名师引领、创新驱动、数智赋能的教材体系构建与育人实践,江全元、韩魏、何莲珍、吴汉明、金更达、李娜、阚阅、黄娟琴、柯华杰、张良、方媛媛、姚晟、章敏、王灿,宁波大学、宁波市甬江科创区管委会、宁波市大学科技园发展有限公司,,其他类,综合类,宁波,2025
243,交叉融合 追求卓越：高水平创新型、复合型儿科医学拔尖人才培养模式的实践,舒强、毛建华、张园园、陈志敏、徐玮泽、陈青江、傅君芬、高志刚、马大青、王晓莹、赖登明、陈一芳、求伟玲、余益超、戴乐怡,宁波大学,,其他类,综合类,宁波,2025
244,“学科引领、四环共振、生态赋能”的新时代硬核科技创新人才自主培养模式,侯迪波、冯毅萍、熊蓉、任沁源、朱秋国、梁军、吴俊、杨倩、邵之江、王酉、许超、宋春跃、曹云琦、林恬逸、刘沈芳,浙江理工大学、浙江凌迪数字科技有限公司,,其他类,理工类,杭州,2025
245,博学求真、问天致远—综合性大学航空航天拔尖创新人才培养体系的构建与实践,王高峰、金台、马志鹏、陈建军、郑耀、邵雪明、陈伟球、金仲和、黄志龙、曲绍兴、陈伟芳、陆哲明、宋广华、王志宇、周利霞,杭州电子科技大学,,其他类,理工类,杭州,2025
246,思教一体、五育并举：竺可桢学院拔尖学生社区育人的探索与实践,路欣、吴维东、徐晓峰、卢佳颖、陈哲、王禹卓、周怡如、许亚萍、林威、段玮茵、章志英、蒋一正、赵阳、孙晶晶,杭州电子科技大学、西安电子科技大学、电子科技大学、桂林电子科技大学,,其他类,理工类,杭州,2025
247,知-思-行三维融通：植物营养学课程群链式创新与实践,林咸永、卢玲丽、田生科、陈丁江、李保海、孙成亮、马庆旭、刘雨,杭州电子科技大学,,其他类,理工类,杭州,2025
248,学科与产业融通，中试与实践赋能——化工类专业学位研究生培养新模式,任其龙、潘鹏举、钱超、项嘉铭、王靖岱、朱耕宇、薄拯、冯连芳、王晓钟、王征、肖成梁、任向欣、申有青、张治国、王盎然,浙江工商大学、浙江大学,,其他类,财经类,杭州,2025
249,一心五化、医·研交融：临床专硕培养新机制的探索与实践,梁廷波、郑敏、陈韶华、沈晔、虞朝辉、陈俊春、杨晓龙、白雪莉、章琦、徐凌霄、王迪、陈蓬来、王权、徐莹、胡奇达,浙江工商大学、杭州跨境电商综试区、钱塘新区管委会、浙江大学、杭州阿里巴巴海外数字商业有限公司,,其他类,财经类,杭州,2025
250,三维一体，四元合力，五段进阶——微创外科卓越人才培养体系创新与实践,蔡秀军、杨瑾、虞洪、梁霄、陈鸣宇、沈吉良、郑雪咏、王一帆、李哲勇、梁岳龙,浙江工商大学,,其他类,财经类,杭州,2025
251,战略需求牵引、重大平台支撑、校企团队托举——能源动力领军人才培养新模式,郑津洋、黄群星、高翔、严建华、施建峰、张彦威、罗坤、陈浩、王咨元、徐象国、徐敏娜、林晓青、王海、董娜、唐萍,浙江中医药大学,,其他类,医药类,杭州,2025
252,产业需求牵引、实践能力筑基、学科交叉赋能：工商管理专业学位教育BEST模式,谢小云、王小毅、魏江、王建安、杜健、朱原、朱秋国、潘健、寿涌毅、邢以群、杨明园、唐晓莉、马金、吴茂英、莫申江,浙江海洋大学,,其他类,农林类,舟山,2025
253,植根全国重点实验室的计算机图形学创新人才培养四十年探索实践及成效,陈为、巫英才、周昆、鲍虎军、彭群生、耿卫东、杨易、石教英、潘云鹤,浙江农林大学,,其他类,农林类,杭州,2025
254,直面“钱学森之问”——浙江大学物理学科人才培养机制改革与实践,林海青、颜鹂、王孝群、王浩华、王业伍、王凯、王震、景俊、杨李林、方磊、邹安川、郑丽玲、章晨、王丹娜、周之琰,浙江农林大学、山西农业大学、湖南农业大学,,其他类,农林类,杭州,2025
255,铸金炼课——专业与课程建设的国美方案,余旭红、许江、曹晓阳、陈正达、王一飞、封治国、范白丁、宣学君、陈立超、唐珊,浙江农林大学,,其他类,农林类,杭州,2025
256,艺术智性·智造赋能：中国设计“三跨四融”拔尖创新人才培养范式建构,韩绪、王昀、林璐、武奕陈、宣学君、刘征、俞春阳、谷丛、陈异子、傅吉清,温州医科大学,,其他类,医药类,温州,2025
257,三创立志、三基固本、三融赋能——创新型化工人才培养模式的探索与实践,李小年、丰枫、聂勇、王建国、郑华均、胡军、计伟荣、刘华彦、潘鹏程、王雷,温州医科大学,,其他类,医药类,温州,2025
258,服务中小企业成长的地方高校新商科人才培养探索与实践,李正卫、曹柬、虞晓芬、王飞绒、吴宝、池仁勇、朱晨波、曾恺、唐宇、谭贻尹,浙江财经大学,,其他类,财经类,杭州,2025
259,产科教贯通、创转育融合：机械类卓越人才链式闭环培养体系的探索与实践,姚建华、潘柏松、章嫦华、谭大鹏、李曰兵、夏航、张征、金伟娅、林洁、裴植,浙江财经大学、浙江大学,,其他类,财经类,杭州,2025
260,虚实融合、多元赋能：面向大国基建的现代土木工程师培养探索与实践,付传清、蔡袁强、葛智、张伟平、王哲、孙博、刘宏远、李强、赵必大、孟凡丽,浙江财经大学、浙江同花顺智能科技有限公司、恒生电子股份有限公司、浙江浙商证券资产管理有限公司、浙江金融职业学院,,其他类,财经类,杭州,2025
261,“需求牵引-产教互动-生态共生”的工程科技创新人才培养体系构建与实践,高翔、陈耀、姜少飞、俞自涛、郭妍、张士汉、王建国、潘柏松、付传清、严密,浙江科技大学、上海ABB工程有限公司、浙江国自机器人技术股份有限公司,,其他类,理工类,杭州,2025
262,贯通融合 数智赋能 创新驱动：泛在学习下学研创能力培养的大学物理改革,施建青、鄢波、李珍、蔡萍根、朱杭军、严金华、王肖隆、刘凡新、王俊杰,浙江科技大学,,其他类,理工类,杭州,2025
263,智能引领、双轮驱动、师范铸魂：复合型工科人才培养的浙师模式,郑忠龙、蒋云良、周昌军、李盛、陈敏、鄂世举、乔思辉、叶荣华、吴建斌、李慧秋,嘉兴大学、嘉兴市教育局,,其他类,综合类,嘉兴,2025
264,多元协同、标准落地、链路融通—国际中文教育共同体协作育人的浙江实践,邱利民、毛锡龙、包 亮、徐丽华、刘家思、乔思辉、彭飞、蔡彬彬、吴强、吕媛媛,嘉兴大学,,其他类,综合类,嘉兴,2025
265,立德铸魂·道技融通：浙派卓越数学师范生培养的十五年探索与实践,杨敏波、何济位、唐笑敏、方小利、潜陈印、陈杰诚、陈敏、唐恒钧、黄丹君、刘玲,杭州师范大学,,其他类,师范类,杭州,2025
266,服务国家“蓝色粮仓”战略的新农科水产养殖专业人才培养模式改革与实践,王春琳、陈相瑞、邵丽、母昌考、张乐、史策、徐嘉杰、彭瑞冰、周国平、王大庆,杭州师范大学、阿里巴巴(中国)网络技术有限公司、杭州师范大学国家大学科技园,,其他类,师范类,杭州,2025
267,地方高校面向产业需求“产创融合”培养创新创业人才的探索与实践,张真柱、胡铭、胡良根、沈祥、彭文飞、周星宇、孙伟伟、邵一骏、桂尚书、钱方兵,温州大学,,其他类,综合类,温州,2025
268,基于“宁大潮音”数字思政平台的“大思政课”育人模式创新实践,周青、胡良根、周星宇、黄佳男、桂尚书、刘慧敏、夏济婷、傅松寅、徐入云、陈文祎,台州学院、石河子大学、台州学院附属学校、台州市教育局、台州市第一中学,,其他类,综合类,台州,2025
269,数智化时代纺织类人才培养创新与实践,苏淼、陈文兴、刘郴、胡毅、田伟、鲁佳亮、李祥龙、严小飞、李雅、侯雪斌,台州学院,,其他类,综合类,台州,2025
270,自主可控、强芯筑魂——地方高校计算机类一流人才培养体系的创新与实践,吴卿、贾刚勇、冯建文、朱娅妮、孙笑笑、夏涛、黄孝喜、马虹、樊凌雁、张辽,温州肯恩大学,,其他类,综合类,温州,2025
271,群智共建、数字驱动、全球共享——构建电子信息类专业数字化实践教学新生态,陈龙、李文钧、邓成、李朝海、赵中华、何志伟、黄继业、任爱锋、李竹、马学条,浙江警察学院,,其他类,政法类,杭州,2025
272,数智赋能、产教融合：机械工程人才培养转型十年探索与实践,朱泽飞、倪敬、王志强、纪华伟、王胡英、蒙臻、何利华、卢科青、许明、李蓉,浙江音乐学院,,其他类,艺术类,杭州,2025
273,四域拓展?四赛驱动?四训链通——涉外法治人才培养机制的创新与实践,苏新建、宋杰、董文辉、唐玉富、方涧、郑春燕、韩宁、黄文瀚、顾赵丽、房旭,杭州医学院,,其他类,医药类,杭州,2025
274,一范式三引领：面向国家战略需求的跨境电商人才培养浙江方案  ,伍蓓、肖亮、张芮、武长虹、邓弋威、李俊、张勇、吴功兴、李进、姚远,温州理工学院、全国温州商会总会、喀什大学,,其他类,理工类,温州,2025
275,科研铸基?案例活化?数智重构： 地方高校商科卓越人才实践教学体系创新,陈衍泰、向荣、王节详、孙元、谢湖均、蒋长兵、江辛、徐斌、罗金明、程兆谦,温州理工学院、温州大学、阿坝师范学院、塔里木大学,,其他类,理工类,温州,2025
276,中医师承教育与院校教育深度互融浙江模式的探索与实践,黄建波、陈忠、季旭明、李志敏、高祥福、黄晨、刘英超、徐挺、楼航芳、钱莉,中国美术学院,,其他类,艺术类,杭州,2025
277,筑梦海洋 五育融合：“蓝色大思政”贯通始终的海洋人才培养体系创新与实践,严小军、谢永和、王健鑫、傅纪良、贝静红、王湖滨、叶芳、金武州、陈宏祖、佘红艳,浙江工业大学,,其他类,理工类,杭州,2025
278,三链耦合·多元协同·数智画像：大学生生态文明教育二十载探索与实践,沈满洪、倪建均、钱志权、陈胜伟、魏玲玲、吴鹏、冯华军、徐丽华、徐达、侯蕊,浙江师范大学,,其他类,师范类,杭州,2025
279,“一懂两爱、一专多能”——定向农科生人才培养的探索与实践,郭建忠、沈月琴、尹国俊、童家飞、吴鹏、王正加、闵伟红、原向阳、马先锋、周国鑫,中国计量大学,,其他类,理工类,杭州,2025
280,学术引航 学科交叉 协同融通——地方农林高校拔尖创新人才培养改革与实践,秦华、童家飞、沈月琴、代向阳、郭建忠、梅亚明、张依、郑丽萍、王康、方钦,浙江农林大学,,其他类,农林类,杭州,2025
281,新医科背景下“四维融通”卓越临床医学人才培养体系构建与实践,朱雪波、金伟琼、曹建明、李章平、林安琪、汪莹、卢丽笋、张维溪、夏凯愉、杨鸣哲,浙江农林大学,,其他类,农林类,杭州,2025
282,中国实践到全球示范：新医科视域下眼视光医教研产协同育人模式创新与实践,陈洁、瞿佳、袁一民、张建、陈绮、徐良德、王毓琴、王俊杰、俞阿勇、毛欣杰,温州医科大学,,其他类,医药类,温州,2025
283,需求导向、能力为要、链式发展—— 三维合力培养地方高校财税本科人才模式,钟晓敏、付文林、张帆、田磊、童幼雏、童玉玲、凌晨、鲁建坤、杨显波、李永涛,浙江财经大学,,其他类,财经类,杭州,2025
284,地方高校面向乡村振兴的社会创业型人才培养体系探索与实践,魏江、童夏雨、应瑛、魏遐、谢小云、刘亚辉、王直民、刘洋、黄金娟、毛宁,杭州师范大学,,其他类,师范类,杭州,2025
285,价值引领·数智赋能·生态重塑：复合交叉型金融人才培养模式探索与实践,陈荣达、金骋路、林  祺、钟立新、朴哲范、王聪聪、周海珍、徐敏、阎晓春、潘静波,西湖大学,,其他类,理工类,杭州,2025
286,强交叉、重实践、活机制——机器人工程人才培养模式创新,侯北平、费正顺、李曙光、周乐、朱文、徐弼军、董建伟、张勇、叶晖、郑洪波,浙江科技大学、上海ABB工程有限公司、浙江国自机器人技术股份有限公司,,其他类,理工类,杭州,2025
287,智能技术应用创新型人才“三融三通”双元制培养的改革与实践,赵东福、李其朋、侯北平、徐理勤、沙力争、陈岁繁、应荣球,浙江科技大学,,其他类,理工类,杭州,2025
288,向下扎根 向上生长：以地域文化为载体的高校德育模式创新与实践,张琦、童建华、石玉、王火红、徐永良、王明建、郭雅静、周琳、朱连文、许惠芬,嘉兴大学、嘉兴市教育局,,其他类,综合类,嘉兴,2025
289,守正·强基·明理：“省身文化”引领的大学数学教育教学模式创新与实践,宁自军、王薇、陈立力、张景军、王火红、范莉霞、陈明、孙明瑞、李启会,嘉兴大学,,其他类,综合类,嘉兴,2025
290,“三化同步 四跨协同 五位并进”—地方高校数智人才培养模式探索与实践,周春儿、胡华、单振宇、姚争为、徐舒畅、解山娟、王奔、潘红、冯阳、李秀梅,杭州师范大学,,其他类,师范类,杭州,2025
291,产教深融、数智赋能、全球场景：电子商务创新人才培养模式16年改革与实践,章剑林、吴泠、赵丽娅、范志刚、徐瑶之、蔡云飞、金贵朝、刘强、钱波、刘闯,杭州师范大学、阿里巴巴(中国)网络技术有限公司、杭州师范大学国家大学科技园,,其他类,师范类,杭州,2025
292,学科交叉·能力进阶·科研哺学—生态环境类复合型创新人才培养探索与实践,董新姣、赵敏、陈华林、李祖祥、陈勇、李树然、陈莎莎、王子铭、郑向勇、阎秀峰,温州大学,,其他类,综合类,杭州,2025
293,和合思政：大中小学思政课一体化的区域探索与实践,张天华、朱坚、卿涛、王国芳、王在亮、周良奎、季敏、林久杏、李跃华、李正军,台州学院、石河子大学、台州学院附属学校、台州市教育局、台州市第一中学,,其他类,综合类,台州,2025
294,地方高校“校城共生 ? 四链四维”应用型人才培养 20年探索与实践,乐传永、李钧敏、金凌虹、李建军、范剑、金燕仙、柯胜海、黄国波、姚俊、王林军,台州学院,,其他类,综合类,台州,2025
295,三教融合、三化赋能、四维支撑：中美合作办学国际化人才培养的“温肯模式”,杨毅欣、Aloysius Wong、陈澍、潘玲珍、赵韫琦、余珏、何晓璐、曾燚、谢可可、钱菲,温州肯恩大学,,其他类,综合类,温州,2025
296,之江水育格桑花——教育援藏公安专业人才培养模式的构建与实践,蒋建森、徐林、余湘青、包欣欣、徐程、叶涛、沈莲、代东旭、格桑多吉,浙江警察学院,,其他类,政法类,杭州,2025
297,协同创演 赛训互促 三全三互——音乐艺术人才培养实践教学链的高质量创新,汪洋、王瑞、张云良、王滔、段瑞雷、蒋巍、胡凌芳、周熠、徐晓昀、申想真,浙江音乐学院,,其他类,艺术类,杭州,2025
298,面向全体医学生的全科医学素养教育体系构建与实践,吕建新、梁  广、蒋锦琴、孙  丽、蒋建平、徐  骁、李俊伟、王黎芳、王  静、李维嘉,杭州医学院,,其他类,医药类,杭州,2025
299,拆隔墙 推围墙 跨城墙：地方高校服务“地瓜经济”应用型人才培养路径探索,周文龙、赵燕、孙芙蓉、连新泽、王大将、刘玉良、季子正、刘敏俊、商飞燕、张伟,温州理工学院、全国温州商会总会、喀什大学,,其他类,理工类,温州,2025
300,基于“教学-学习-评价”智能体的《课程设计与评价》课程智慧化改革与实践,孙芙蓉、连新泽、徐田子、李子涵、胡红珍、赵燕、商飞燕、谢忱、黄敏、任园园,温州理工学院、温州大学、阿坝师范学院、塔里木大学,,其他类,理工类,温州,2025
301,方法铸体、艺匠共生——基于手工艺术专业群的研究生培养模式探索实践,周武、彭倩、李玉普、熊开波、汪正虹、黄晓望、王谦、陈晶、吴昊、李海霖,中国美术学院,,其他类,艺术类,杭州,2025
302,学术筑基·科创驱动·产研融合：面向工程创新的化工研究生培养探索与实践,王建国、卢春山、朱艺涵、林丽利、黄钧辉、钟兴、贠军贤、王连邦、王雷、李小年,浙江工业大学,,其他类,理工类,杭州,2025
303,战略引领、交叉融合、协同创新：非洲区域国别学研究生培养体系探索与实践,刘鸿武、王珩、张建珍、温建明、徐薇、章明卓、胡美馨、张巧文、杨凯、李雪冬,浙江师范大学,,其他类,师范类,杭州,2025
304,数字化赋能 招培就联动 地方高校研究生教育高质量发展路径探索与实践,王新庆、张艳、邹志刚、潘星、钱丽娟、王一、李战国、高梦霞、徐文龙、李海芬,中国计量大学,,其他类,理工类,杭州,2025
305,“党建铸魂 知行合一"——服务乡村振兴农林研究生人才培养模式改革与实践,朱斌、王正加、陈健、潘军可、张瑞、宋丽丽、杨正福、郭恺、田海涛,浙江农林大学,,其他类,农林类,杭州,2025
306,地方高校农工交叉培养复合创新型农林类研究生的改革与实践,徐爱俊、宋丽丽、罗黎敏、张永亮、赵光武、姚立健、董杜斌、杨胜祥、王青云,浙江农林大学,,其他类,农林类,杭州,2025
307,医工交叉、学科支撑、标准引领：复合型高层次眼科人才培养体系的创新与实践,胡亮、徐栩、李小曼、俞阿勇、姜珺、陈蔚、张逸夔、潘安鹏、徐菁菁、吕帆,温州医科大学,,其他类,医药类,温州,2025
308,地方高校以智库推进社科类研究生协同培养的改革与实践,王俊豪、王岭、李云雁、贺武华、金通、倪建伟、王建明、郭剑鸣、唐要家、杨红伟,浙江财经大学,,其他类,财经类,杭州,2025
309,以学定学：教育硕士实践创新素养培养模式的21年探索与实践,严从根、黄兆信、程建坤、徐洁、王晨、李丽、沈嫣、杨俊锋、黄扬杰、楼利高,杭州师范大学,,其他类,师范类,杭州,2025
310,面向原始创新的生物学拔尖创新人才培养体系构建与实践,于洪涛、施一公、杨剑、许田、王廷亮、俞晓春、管坤良、杨丹、蔡尚、蒋敏,西湖大学,,其他类,综合类,杭州,2025
311,“三维递进、三链融合”竺可桢学院荣誉课程体系建设的探索与实践,葛坚、路欣、章志英、蒋一正、林智、李敬源、王从敏、任奎、赵烨、闵尚超、余倩、赵阳、叶景佳、刘瑶、王霈欣,浙江大学,,985,综合类,杭州,2025
312,融通中西、能力为本——国际化拔尖创新人才培养新模式,李敏、柯越海、李德纮、何莲珍、吴健、李寒莹、周金其、吴行、马皓、陈迪、刘琬璐、王宏伟、王玉芬、瞿海东、陈良,浙江大学,,985,综合类,杭州,2025
313,基于AIGC的药学“三位一体”教学模式创新与实践,朱峰、侯廷军、张翔南、杨慧蓉、周展、沈丽娟,浙江大学,,985,综合类,杭州,2025
314,多元融合、复式进阶的光电智用拔尖创新人才实践教学体系探索,时尧成、林远芳、赵传贤、吕玮阁、闻春敖、戴道锌、毕建权、郑臻荣、于浩晨、唐经薇、祝宇慧、金鑫、张曼华,浙江大学,,985,综合类,杭州,2025
315,涉化类专业“三引领三推动三协同”学生卓越成长发展体系的构建与实践,胡吉明、王从敏、丁立仲、顾臻、朱铁军、杨坤、张兴宏、潘鹏举、方媛媛、李杨、商夏、陈颍颍,浙江大学,,985,综合类,杭州,2025
316,铸魂强基 聚变赋能——锻造服务国家战略需求的“能源+X” 特色新工科拔尖人才,骆仲泱、俞自涛、罗坤、陈浩、徐敏娜、邱利民、周昊、徐象国、赵阳、柳伟杰、李裴婕、岳思聪、郑梦莲、肖刚、张绍志,浙江大学,,985,综合类,杭州,2025
317,“数字法治3.0”导向的法学人才创新能力提升范式的探索与实践,胡铭、孙笑侠、熊明辉、郑磊、孙军工、高艳东、魏斌、赵骏、王凌皞、吴亦全、许天问、冯洋、吴佩乘、陆青、胡敏洁,浙江大学、浙江省法制研究所,,985,综合类,杭州,2025
318,国际融通、工农交叉的农业工程拔尖创新人才培养探索与实践,岑海燕、何勇、刘飞、李金林、赵洲、蒋茜静、罗自生、王一清、赵建、程萌,浙江大学,,985,综合类,杭州,2025
319,生命科学竞赛驱动型教学改革和创新人才培养体系的构建与实践,吴敏、赵云鹏、陈峰、张雁、窦晓兵、王正加、袁小凤、林海萍、霍颖异、崔瑾,浙江大学、上海交通大学、中山大学、浙江中医药大学、浙江农林大学,,985,综合类,杭州,2025
320,价值引领、数智赋能、科教融合——土木工程创新领军人才培养体系创建与实践,陈云敏、龚晓南、边学成、胡安峰、朱斌、许贤、董梅、舒江鹏、童根树、张帅、王乃玉、吴君涛、赵华、王婷婷,浙江大学,,985,综合类,杭州,2025
321,战略引领，产业导向，三高三强协同培养功能材料拔尖人才的探索与实践,叶志镇、王育萍、朱铁军、潘新花、蒋杰、程逵、韩高荣、陈立新、张泽、张炜、林卓清、李由、皮孝东、李翔、姜银珠,浙江大学,,985,综合类,杭州,2025
322,“双链融合，三圈联动”——卓越应用型药学专业学位研究生培养的创新实践,顾臻、张翔南、杨慧蓉、杨波、胡富强、曾苏、范骁辉、王毅、龚行楚、袁雯静,浙江大学,,985,综合类,杭州,2025
323,“西迁之路”乡村振兴引领的卓越动科研究生培养与实践,汪以真、杜华华、杨明英、靳明亮、谭勋、师福山、刘红云、陈雪梦、单体中、王起山,浙江大学,,985,综合类,杭州,2025
324,“冬查夏展、春研秋赛”——高等艺术院校质量文化体系构建与实践,陈正达、曹晓阳、王一飞、韦乐、黄斌斌、刘元捷、胡沂佳、唐珊、严侃、李明键,中国美术学院,,其他类,艺术类,杭州,2025
325,培根铸魂——艺术类高校“大学一年级育人工程”的创新与建构,曹晓阳、李沐、吴方、周 勇、王 異、李轶军、陈超历、胡 敏、刘 潇、文 思,中国美术学院,,其他类,艺术类,杭州,2025
326,AI赋能创新创业人才培养模式探索与实践,王卫红、王永固、赵澄、陈锋、吴振宇、陈小玲、刘巍伟、郑烜斌,浙江工业大学、浙江校友邦科技有限公司、大连理工大学,,其他类,理工类,杭州,2025
327,大中小学共同体建设促进教师发展的15年探索与实践,林一钢、黄晓、陈敏、陈法宝、张禄佳、乔思辉、陈菲艳、闫伟、乔儒,浙江师范大学,,其他类,师范类,金华,2025
328,“全球视野、数智驱动、平台创教”的跨境电商国际化人才培养体系创新实践,陈宇峰、邹益民、许德武、刘远、包中文、庞立君、马超、王长峰、王毅飞,浙江师范大学,,其他类,师范类,金华,2025
329,学科为基?理实并重?思政铸魂：培养三能三会的中小学心理健康教育卓越师资,孙炳海、谢瑞波、李伟健、贾磊、马莉、汪俊、乔思辉、李新宇、陈海德、施丽君,浙江师范大学,,其他类,师范类,金华,2025
330,生涯贯通、理实一体、互融共生：卓越幼儿园教师培养新生态的构建与实践,赵一仑、曹漱芹、邹群霞、于淳、秦金亮、朱宗顺、许浙川、刘宝根、陈德城、王波意,浙江师范大学,,其他类,师范类,金华,2025
331,课链重构、实景孪生、数智强师： 港航物流数智化人才培养的创新实践,赵丹、王育红、戚家超、叶晓飞、李婷婷、方飚雄、郑彭军、靳志宏、包甜甜、朱水林,宁波大学、浙江易港通电子商务有限公司,,其他类,综合类,宁波,2025
332,“数学+”国际化精算人才培养“三新”模式的探索与实践,徐松、胡良根、屈长征、贺维婷、李本伶、周洵瑛、王伟、李建峰、陈传强、霍妍,宁波大学,,其他类,综合类,宁波,2025
333,三维重构·四阶贯通·五元评价：地方综合性大学体育人才培养范式创新与实践,顾耀东、童莹娟、孙冬、胡秋丽、赵亮、任峰、王东石、张妍、岑炫震,宁波大学,,其他类,综合类,宁波,2025
334,大中小学思政教育一体化背景下高校“大思政课”实践教学的浙江范式,姚珺、朱秋飞、肖香龙、王艳娟、渠长根、陈文兴、胡琦、贺俊杰、娄琳、方烨萍,浙江理工大学,,其他类,理工类,杭州,2025
335,产教融合培养地方高校机械类创新人才的探索与实践,陈文华、李秦川、刘宜胜、潘骏、叶伟、袁嫣红、柴馨雪、贺磊盈、陈刚、胡旭东,浙江理工大学,,其他类,理工类,杭州,2025
336,三师协同三建联动三园孵化面向时尚新业态服装类创新人才培养模式改革与实践,冯荟、崔荣荣、戚孟勇、顾冰菲、吕昉、周伟、张瑾、王来力、王志成、董灵丽,浙江理工大学、浙江凌迪数字科技有限公司、卓尚服饰（杭州）有限公司、浙江华鼎集团有限公司,,其他类,理工类,杭州,2025
337,思政铸魂、课程强基、平台实战三维协同培养材料类专业实践创新人才,张先明、姚玉元、仰 滢、朱曜峰、 付飞亚、陈世昌、魏莉莉、张明、金达莱、吕维扬,浙江理工大学,,其他类,理工类,杭州,2025
338,面向低空低轨国家战略的信息通信类新工科人才培养模式探索与实践,胡淼、应娜、何宏、颜成钢、周雪芳、何美霖、刘春山、孙闽红、翟彦蓉、曾嵘,杭州电子科技大学,,其他类,理工类,杭州,2025
339,“金融脑 科技芯 创新手”的数智金融人才跨学科融合培养探索与实践,郑海味、都红雯、田穗、申琳、冯建文、张辽、李甫伟、胡文彬、薛文忠、贾刚勇,杭州电子科技大学,,其他类,理工类,杭州,2025
340,全过程实践、差异化赋能—服务区域经济的自动化专业实践创新体系探索与改革,陈云、罗平、郭云飞、孔亚广、赵晓东、夏宇栋、姜周曙、陈张平、沈磊、周晓飞,杭州电子科技大学,,其他类,理工类,杭州,2025
341,金融为“民”：服务区域民营经济发展的地方高校金融人才培养改革与实践,方霞、施建祥、邓弋威、古昕、韦宏耀、于蔚、任美旭、倪禾、冯毅、沈莹,浙江工商大学、浙江省浙商资产管理股份有限公司、浙江泰隆商业银行股份有限公司,,其他类,财经类,杭州,2025
342,面向财经高校计算机类专业的复合型商业技术人才培养体系构建与实践,杨柏林、王勋、朱继祥、邵俊、蒋长兵、封毅、方霞、谢波、徐静,浙江工商大学,,其他类,财经类,杭州,2025
343,小切口撬动大融合 小专业服务大产业： 开创标准化工程专业先河的廿年探索,刘欣、颜鹰、李佳、魏其艳、赵春鱼、胡玉华、茅海军,中国计量大学,,其他类,理工类,杭州,2025
344,厚植计量基因：行业院校特色人才培养路径探索与实践,徐江荣、孙卫红、赵春鱼、包福兵、李晨霞、秦来顺、徐鹏、余晓、朱一飞、李佳,中国计量大学,,其他类,理工类,杭州,2025
345,红色铸魂 数智赋能：高校思政课“三红三全三化”实践教学模式创新与实践,程刚、兰婷、周爽、谢婉莹、陆佳炜、隋金波、蔡玲丽、杨娜、梁丽,中国计量大学,,其他类,理工类,杭州,2025
346,两色共融、三域协同——计量特色光电类创新人才培养的探索与实践,沈常宇、朱明辉、李晨霞、周俊、吴霞、方彬、杨凯、董洁、焦志伟、陈义,中国计量大学,,其他类,理工类,杭州,2025
347,“三位一体，多维交融”针灸推拿专业人才临床技能培养的浙江范式,吕立江、梁宜、吕智桢、马睿杰、朱乔青、滕贺圆、梁冬艳、国 佳、许丽、王晓东,浙江中医药大学,,其他类,医药类,杭州,2025
348,学科交叉 产教协同 四链联动—新时代复合型康养人才培养模式的创新与实践,何桂娟、孙秋华、楚婷、林觐民、汪国建、杨晔琴、杨莉莉、裘秀月、沈勤、汤亚玲,浙江中医药大学,,其他类,医药类,杭州,2025
349,造就蓝色国土追梦者：海洋科学类专业应用型创新人才培养改革与实践,王健鑫、桂峰、范美华、蔡明刚、陈旭、朱文卓、何桂明、王天明、尹文彬、刘雪珠,浙江海洋大学、厦门大学、中国海洋大学,,其他类,农林类,舟山,2025
350,融创共生：服务海洋战略的管理人才“三海三阶三元”培养模式创新实践,全永波、高猛、崔旺来、易传剑、钟海玥、陈莉莉、王琪、杜军、贝静红、贺义雄,浙江海洋大学、中国海洋大学、广东海洋大学,,其他类,农林类,舟山,2025
351,“一体两翼、多维融通”成人高等教育乡村振兴复合应用型人才培养改革与实践,吴家胜、马小辉、苏小菱、季宗富、胡晓东、梅亚明、任金政、郑伟、肖兆龙、李震华,浙江农林大学、浙江省乡村振兴促进中心、中国农业大学继续教育学院、浙江省农村发展集团有限公司,,其他类,农林类,杭州,2025
352,新青年下乡：高校“大思政课”实践教学协同育人模式十年探索,吕一军、章成斌、洪晓畅、林文诗、徐卓、叶圣、刘燕楠、缪立懿、谢建伟、吴媛媛,温州医科大学,,其他类,医药类,温州,2025
353,财经院校创新创业“集群”教育模式探索与实践,董进才、费舒澜、童夏雨、董直庆、林健林、张雷、方军雄、邓川、陈小芳、尤利群,浙江财经大学,,其他类,财经类,杭州,2025
354,扎根县域：从设计工作室到产业研究院——设计类人才培养模式改革与实践,郑林欣、宋眉、卢艺舟、罗仕鉴、叶玲红、任敏、龚胜意、楼树芳、叶玲,浙江科技大学、慈溪市浙科产业研究院、云和县经济商务科技局,,其他类,理工类,杭州,2025
355,重塑未来公民的生态文明心智模式：绿色低碳育人体系的构建与实践,单胜道、高翔、李俊、沙力争、刘发明、刘赫扬、徐华军、柳伟杰、方婧、王群,浙江科技大学、浙江大学、浙江工业大学,,其他类,理工类,杭州,2025
356,产教媒协同、文工艺融通：智能传播人才培养的探索与实践,李文冰、冯建超、陈奕、崔波、黄寒冰、张雷、姜燕冰、项雁、陶文平、郦娜,浙江传媒学院,,其他类,文法类,杭州,2025
357,“四力”融通·特色赋能:“大播音”人才培养的浙传探索与实践,王一婷、吕帅、刘兴宇、周悦娜、徐爱华、张伟、傅婷玉、杭瑛、陈洁、陈晓兵,浙江传媒学院、浙江广播电视集团,,其他类,文法类,杭州,2025
358,三链贯通·数智赋能·校地融合：针织毛衫全产业链人才培养模式创新与实践,吴艳、裘玉英、代正伟、李亚、沈加加、文雁兵、刘鹤、虞紫英、刘小晶、刘静,嘉兴大学,,其他类,综合类,嘉兴,2025
359,理解中国、知行浙江、融通世界：多语种国际传播能力培养的探索与实践,宣勇、张环宙、柴改英、毛振华、范捷平、方浩、吴玲、马宏程、陈新妍、王昊,浙江外国语学院,,其他类,语言类,杭州,2025
360,品真理味道：“三化三融”生活思政育人体系的实践与创新,蒋建军、王伟忠、林德操、谢莹莹、孙叶飞、周娟、梁立新、向娴华、朱美燕、樊海燕,浙江万里学院,,其他类,综合类,宁波,2025
361,服务育繁推，聚力产学研：地方高校海洋生物种业人才培养模式探索与实践,葛楚天、夏静芬、徐洁皓、王素芳、林志华、李彩燕、董迎辉、杨华、柳敏海、王忠华,浙江万里学院,,其他类,综合类,宁波,2025
362,德业竞进、中外融通、机制重塑，全球职业胜任力人才培养二十五年创新与实践,应雄、钱国英、马建荣、蔡艳、吕洁、董红波、李秋正、张宜平、莫莉莉、杨珉,浙江万里学院、宁波诺丁汉大学,,其他类,综合类,宁波,2025
363,重构?协同?传承?创新：“四位一体”黄酒历史经典产业人才培养探索与实践,陆胤、胡保卫、李兵燕、俞关松、柯薇、徐笑、刘彩琴、谢广发、周建弟、毛勇,浙江树人学院、绍兴文理学院、会稽山绍兴酒股份有限公司、浙江古越龙山绍兴酒股份有限公司、中国酒业协会,,其他类,综合类,杭州,2025
364,三通三合三统一：以美铸魂育人十八年改革与实践,孙德芳、冯学勤、王静、季琳琳、马学文、袁瑾、林航、许建美、吕超,杭州师范大学,,其他类,师范类,杭州,2025
365,四维整合·双轨进阶·智教融合 ——药学创新人才培养模式研究与实践,谢恬、王丽薇、白仁仁、沈嘉炜、赵 飞、隋新兵、陈大竞、周建良、李成檀、尚小广,杭州师范大学,,其他类,师范类,杭州,2025
366,新时代英语师范人才培养的“三维五力” 模式构建与应用,周敏、孙崇飞、李颖、陈思颖、蓝云春、卢美艳、田颖、谢萍、管凌云、陈江萍,杭州师范大学,,其他类,师范类,杭州,2025
367,“一体·两翼·三融”——新时代区域高等教育对外开放的温州模式,王舜、夏远志、王北铰、严晓鹏、包含丽、林爱菊、熊勇、郑婷、吕信恩、杨开泛,温州大学、温州肯恩大学、温州市教育局,,其他类,综合类,温州,2025
368,固本铸魂·四维适配·协同融合——地方高校艺术思政育人体系的创新与实践,庄兴忠、卓高生、邹跃飞、孙良好、韦小青、谢子静、易招娣、何毅、李良、吴志敏,温州大学,,其他类,综合类,温州,2025
369,金融为民：服务国家民间金融改革的地方高校金融人才培养模式创新与实践,罗建利、林德根、何林李、胡振华、吉云、王露、马媛,温州大学,,其他类,综合类,温州,2025
370,多维联建·多向联通·多元联盟：协同培养高质量应用型人才,郑友取、林峰、刘佳、周兆忠、廖文娟、邓小雷、周建强、谢桂花、王海文、王剑,衢州学院,,其他类,综合类,衢州,2025
371,学做大先生：基于沉浸式体验的 地方高校卓越教师养成的创新实践,柳国庆、刘雄英、李子华、罗润锋、方小利、唐雅、蒋洁蕾、周建平、吴虹、曾敏峰,绍兴文理学院,,其他类,综合类,绍兴,2025
372,兰亭书法学堂：中国书法文化海内外传播的创新实践,赵阳、王晓亮、孙仕龙、刘小华、陈文龙、李湛、杨颂周、钟晓潇、沈伟、陈静,绍兴文理学院、绍兴市文化旅游集团有限公司,,其他类,综合类,绍兴,2025
373,“一体两翼，四轮驱动”的优秀乡村小学教师培养探索与实践,李茂森、舒志定、王燕红、刘佳、方玺、王贤德、陆韵、朱竞,湖州师范学院,,其他类,师范类,湖州,2025
374,文化传承、产教融合、数智赋能：蚕丝绸文化系列课程建设与教改实践,金佩华、许慧霞、余连祥、杨明英、张新江、娄琳、闻  燕、李建华、孙梦婕、汤爱芬,湖州师范学院、浙江大学、浙江理工大学、江苏科技大学、杭州万事利丝绸文化股份有限公司,,其他类,师范类,湖州,2025
375,地方师范院校大爱大德大情怀的“大思政课”育人体系构建与实践,唐卫宁、舒志定、张永、吴凡明、马小龙、李秀娟、欧雯雯,湖州师范学院,,其他类,师范类,湖州,2025
376,三维互融：“两山”理念引领乡村运营人才培养模式改革与实践,周建华、宋洁、马小龙、于敏捷、陈菁泉、程兆麟、肖汉杰、王佳艺、武亮、汪玉成,湖州师范学院、安吉县余村,,其他类,师范类,湖州,2025
377,科技小分队：地方高校科产教“融通- 互动-浸润”育人模式十年探索与实践,赵小明、金燕仙、李银丹、徐元红、潘志祥、张石清、朱  流、赵凯、陈昊、沈伟艺,台州学院、台州市科学技术局、台州市企业家协会,,其他类,综合类,台州,2025
378,地方高校制药化工类专业“双螺旋 三融合 四同步”实践教学模式探索与实践,金燕仙、余彬彬、徐元红、黄国波、韩得满、厉凯彬、陈婷婷、何志才、夏  阳、郑华均,台州学院、浙江工业大学台州研究院,,其他类,综合类,台州,2025
379,“三阶四维”育人新模式——阳明文化嵌入式课程体系构建与国际化传播实践,吴韬、吴疆、王一萌、童金、孙煦、罗仕鉴、姚琤、薛梦茹、胡雨琦、黄懿,宁波诺丁汉大学、浙江大学宁波“五位一体”校区教育发展中心、余姚博物馆,,其他类,综合类,宁波,2025
380,“两山”铸魂、三课融通、四方协同：生态文明育人体系的探索与实践   ,李安、刘克勤、倪丽梅、季忠苑、高树昱、陈一艳、侯芸子,丽水学院,,其他类,综合类,丽水,2025
381,“一核四融”：构建地方文化赋能“大思政课” 育人体系的探索与实践,冯建波、张新光、王震、杜莹、陈园园、李文英、陈佳眉、成方圆、吴玉霞、叶任泽,宁波工程学院,,其他类,理工类,宁波,2025
382,”四化引领、双元驱动、四链贯通“的现代汽车产业学院育人模式的探索与实践,李发宗、余丰、枊艾岭、丁华、邓艳宁、施飞、洪树立、周林、朱明敏,宁波工程学院、新能源汽车智能制造国家地方联合工程研究中心,,其他类,理工类,宁波,2025
383,战力导向、实战驱动、生态协同： 网络安全与执法新质育人范式探索与实践,丁伟杰、陈光宣、王勋、周胜利、王锋、黄安安、张其前、盛蒙蒙、陆超伦、俞天纬,浙江警察学院,,其他类,政法类,杭州,2025
384,实战导向、全链贯通、一体育人的新公安人才培养模式的构建与实践,金诚、余湘青、柯星、丁伟杰、李树礼、徐永胜、来钇汝,浙江警察学院、杭州市公安局,,其他类,政法类,杭州,2025
385,国际传播人才“四四三”培养模式的探索与实践,何海翔、魏小琳、胡秋芬、吴月齐、杨爱军、王景、余玲、毛临川,浙江越秀外国语学院,,其他类,语言类,绍兴,2025
386,供需适配、课程实嵌、真岗实战：服务自贸区战略的外贸新业态人才培养新实践,李书彦、郝新蓉、徐莹、蒋天颖、周巧萍、林书平、苏赛尔、庞其炜、吴功兴、郑丽雅,宁波财经学院、浙江工商大学、宁波市商务局、宁波全贸信息技术有限公司、宁波港东南物流集团有限公司,,其他类,财经类,宁波,2025
387,突破“三化”：突出能力导向，重构民办高校应用型人才培养评价体系,李羽、李晓文、吴用、吴勇、徐媛媛、董超、章雪颖、张育斌、王瑞、樊燚琴,宁波财经学院,,其他类,财经类,宁波,2025
388,水利类应用型人才乡土情怀教育模式的创新与实践,吴小英、许栋、汪一丁、周俊、裴新平、刘学应、陈斌、王海稳、刘丽丽、郭宁宁,浙江水利水电学院、杭州电子科技大学、华北水利水电大学,,其他类,理工类,杭州,2025
389,以水育人、以文化人：水利特色高校大思政育人模式的创新实践,钱天国、李政辉、徐存东、郭晓梅、王军、罗云霞、何彦、汪一丁、王伟英、刘学应,浙江水利水电学院,,其他类,理工类,杭州,2025
390,演创融教·师生协同·学用归悟：舞蹈类专业卓越人才培养的探索与实践,徐颃、范舟、李佳雯、曹端丹、张薇、黄德俊、郑洁、安峻汝、马佳宏、程龙,浙江音乐学院,,其他类,艺术类,杭州,2025
391,“厚植情怀、三维创新、多元协同”的西洋乐器演奏人才培养创新与实践,董德君、魏鹂、李佳胤、李艺花、钟易非、杨光、刘瓅元、郭义江、张艺、王佳琪,浙江音乐学院,,其他类,艺术类,杭州,2025
392,“三维一体·三课联动”音乐师范生教学能力提升的创新实践,崔学荣、张云良、王丹琴、章艺悦、于开丞、杨阳、谢铭磊、徐晓昀、徐承,浙江音乐学院、西湖大学,,其他类,艺术类,杭州,2025
393,标准引领?文化融合?六维联动：商科高校新生代创业人才培养的探索与实践,赵玻、朱新满、杨平宇、白彦、谢世民、胡宪武、吴肖蓉、袁红富、胡金林、叶小鹏,温州商学院,,其他类,财经类,温州,2025
394,融于城、炼在校、润至心：应用型药学人才分类培养的探索与实践,杨波、曾玲晖、丁悦敏、何俏军、向铮、张翀、张大勇、周展、吕媛媛、张建康,浙大城市学院、浙江大学,,其他类,综合类,杭州,2025
395,思政引领·数智赋能·校媒共育：地方高校卓越新闻传播人才培养探索与实践,沈爱国、董悦、顾杨丽、董德丽、赵瑜、李蓉、王佳、郭晴、石苑、陈婕,浙大城市学院、浙江大学、浙江工商大学、浙江广播电视集团、杭州日报报业集团,,其他类,综合类,杭州,2025
396,“育·证”融合：“南湖证书”红色文化育人实践,胡文蔚、毕洪东、杨燕群、王兰芬、李朋朋、刘勇、李艳、占华勇、郝文清、谭华,嘉兴南湖学院,,其他类,综合类,嘉兴,2025
397,“两山”理念引领绿色设计人才培养的探索与实践,毛攀云、孙守迁、刘晗、闻 霞、阎登科、尹长根、邓剑刚、李文莲、林妍、黄剑峰,湖州学院,,其他类,综合类,湖州,2025
398,虚拟教研助力、数智技术赋能——电工电子基础课程群建设研究与实践,卢飒、何翔、吴霞、陈燕秀、赵伟强、王玉菡 、施阁、朱丽云、郭振武、池金谷,中国计量大学现代科技学院、中国计量大学、贵州理工学院、绍兴文理学院、重庆理工大学,,其他类,理工类,金华,2025
399,报国铸魂 团队育人 服务聚能——高层次生物制造创新人才培养的改革和实践,郑仁朝、金利群、张烽、汤晓玲、王方、邹树平、章银军、吴哲明、蔡雪、郑裕国,浙江工业大学,,其他类,理工类,杭州,2025
400,产创驱动 项目牵引 住企培养—机械专硕“产学研赛创”实践创新型人才培养,阮殿波、彭文飞、束学道、李国平、王智腾、沈妍伶、崔玉国、于爱兵、项四通、王永刚,宁波大学,,其他类,综合类,宁波,2025
401,“三跨协同、三驱共进”纺织类跨学科拔尖人才培养模式的构建与实践,姚菊明、余厚咏、潘旭伟、吕媛媛、杨晓刚、陈雪飞、刘国金、张明、高俊阔、Somia Yassin Hussain Abdalkari,浙江理工大学,,其他类,理工类,杭州,2025
402,项目牵引、产研融合、中外协同的集成电路方向研究生培养模式创新与实践,李文钧、游彬、刘军、何志伟、樊凌雁、梁燕、赵文生、陈龙、罗国清、刘兵,杭州电子科技大学,,其他类,理工类,杭州,2025
403,地方高校新文科研究生自主培养模式的创新与实践——以新商科为例,王永贵、孙元、杨柏林、谢诗蕾、王节祥、陈盈、俞荣建、程开明、项国鹏、牛志伟,浙江工商大学,,其他类,财经类,杭州,2025
404,体系重构，产教融合，智库赋能：践行“两山”理念中药研究生培养的浙江模式,夏道宗、曹岗、张翼宙、张文恺、杜羽、楼招欢、陈素红、胡江宁、朱晖、吴杨辰子,浙江中医药大学、浙江康恩贝制药股份有限公司、安吉县卫生健康局,,其他类,医药类,杭州,2025
405,行业引领·路径优化·能力提升——涉海类研究生协同培养模式探索与实践,白兴兰、王迎宾、叶国栋、龚希武、陈东之、李振华、祝捍皓、桂福坤、贾宝柱、陈妍,浙江海洋大学、广东海洋大学,,其他类,农林类,舟山,2025
406,特色融通·专创强能：聚焦国家急需临床医学研究生培养体系探索与实践,沈贤、金胜威、肖健、赵光举、胡珦、许冬武、林坚、吴高俊、陈钢、孙维建,温州医科大学,,其他类,医药类,温州,2025
407,“一学生一作品一品牌一产权”：服务品牌强国的艺术设计研究生人才培养体系,叶玲红、郑林欣、俞晓群、宋眉、卢艺舟、杨成、诸佳、沈雁冬、王恺文、金杭,浙江科技大学,,其他类,理工类,杭州,2025
408,讲好中国故事 传播时代强音：新闻与传播专硕“中国叙事”人才培养体系建构,韦路、李欣、方兴东、张博、焦俊波、葛继宏、赵礼寿、王全、汪紫阳、朱玺,浙江传媒学院、浙江大学,,其他类,文法类,杭州,2025
409,高校地方研究院面向产业“教育科技人才"协同培养工程类研究生的探索与实践,赵敏、刘玉侠、何毅、顾任飞、姜锐、冯爱新、施永川、郭林、熊琳、戴传军,温州大学、瑞安市人民政府、乐清市人民政府、温州市瓯海区人民政府、浙江正泰电器股份有限公司,,其他类,综合类,温州,2025
410,科学家精神引领下的药物研发实战型研究生培养的探索与实践,梁广、施菁、孙培蓓、徐青、黄文海、由振强、郑晓亮、张立将、陈凌峰、叶益萍,杭州医学院,,其他类,医药类,杭州,2025
